fill_id,filled_at,venue,outcome,league,mag_side,mag_stake,counterparty_stake,fee_bps,status,settle_value,theoretical_hold_bps,current_mark,mark_as_of,realized_pnl,unrealized_pnl,realized_hold_bps
f1,2026-05-24 15:14,KALSHI,BUF ML,NFL,MAKER,972.93,1068.14,200,LOST,0.0,162,,,-972.93,,-10000.0
f2,2026-05-25 15:02,KALSHI,Over 44.5,NFL,MAKER,50.53,36.12,200,LOST,0.0,228,,,-50.53,,-10000.0
f3,2026-05-25 14:02,POLY,Jokic o11.5 AST,NBA,TAKER,275.61,260.66,150,LOST,0.0,180,,,-275.61,,-10000.0
f4,2026-05-20 18:52,POLY,Under 41.5,NFL,MAKER,1098.56,692.33,150,WON,1764.03,250,,,665.47,,6057.657296824935
f5,2026-05-22 14:26,POLY,Under 5.5,NHL,TAKER,911.17,973.31,150,LOST,0.0,325,,,-911.17,,-10000.0
f6,2026-05-26 20:11,KALSHI,LAL ML,NBA,TAKER,24.19,16.77,200,OPEN,,231,20.32,2026-05-27,,-3.870000000000001,
f7,2026-05-24 13:08,POLY,Under 5.5,NHL,TAKER,69.42,96.59,150,LOST,0.0,184,,,-69.42,,-10000.0
f8,2026-05-21 20:12,KALSHI,Celtics ML,NBA,TAKER,10.27,12.44,200,LOST,0.0,235,,,-10.27,,-10000.0
f9,2026-05-27 16:47,KALSHI,VGK +1.5,NHL,TAKER,35.64,64.23,200,LOST,0.0,271,,,-35.64,,-10000.0
f10,2026-05-18 21:47,KALSHI,Jokic o11.5 AST,NBA,MAKER,28.25,41.5,200,VOID,28.25,207,,,0.0,,
f11,2026-05-27 13:16,POLY,Over 8.5,MLB,TAKER,252.92,223.9,150,WON,469.67,179,,,216.75000000000003,,8569.903526806898
f12,2026-05-20 14:13,KALSHI,Eagles +2.5,NFL,MAKER,1069.06,1453.63,200,LOST,0.0,168,,,-1069.06,,-10000.0
f13,2026-05-20 16:15,POLY,Under 41.5,NFL,MAKER,1014.41,1654.8,150,VOID,1014.41,187,,,0.0,,
f14,2026-05-26 19:49,POLY,BOS -4.5,NBA,TAKER,529.7,427.73,150,LOST,0.0,219,,,-529.7,,-10000.0
f15,2026-05-18 21:29,KALSHI,LAD ML,MLB,MAKER,36.81,47.35,200,LOST,0.0,241,,,-36.81,,-10000.0
f16,2026-05-21 19:04,KALSHI,LAL ML,NBA,TAKER,67.92,59.1,200,WON,124.48,199,,,56.56,,8327.444051825678
f17,2026-05-19 20:50,KALSHI,Jokic o11.5 AST,NBA,MAKER,24.9,22.41,200,WON,46.36,277,,,21.46,,8618.47389558233
f18,2026-05-18 18:33,POLY,Under 5.5,NHL,MAKER,389.38,291.52,150,VOID,389.38,286,,,0.0,,
f19,2026-05-22 22:01,KALSHI,SF -6.5,NFL,TAKER,16.37,25.59,200,OPEN,,204,19.73,2026-05-26,,3.3599999999999994,
f20,2026-05-22 16:29,POLY,SF -6.5,NFL,MAKER,119.53,192.8,150,LOST,0.0,256,,,-119.53,,-10000.0
f21,2026-05-25 13:23,KALSHI,TOR ML,NHL,MAKER,901.37,1169.62,200,WON,2029.57,326,,,1128.1999999999998,,12516.502657066463
f22,2026-05-20 16:00,POLY,BOS -4.5,NBA,TAKER,180.4,131.27,150,LOST,0.0,192,,,-180.4,,-10000.0
f23,2026-05-24 15:01,KALSHI,Over 8.5,MLB,TAKER,37.84,60.92,200,WON,96.78,276,,,58.94,,15576.10993657505
f24,2026-05-18 14:24,KALSHI,Under 41.5,NFL,MAKER,13.59,14.93,200,LOST,0.0,145,,,-13.59,,-10000.0
f25,2026-05-22 19:44,KALSHI,LAL ML,NBA,TAKER,30.25,42.4,200,WON,71.2,271,,,40.95,,13537.190082644629
f26,2026-05-23 16:40,KALSHI,LAD ML,MLB,MAKER,44.95,36.93,200,LOST,0.0,252,,,-44.95,,-10000.0
f27,2026-05-23 14:38,POLY,Under 41.5,NFL,MAKER,30.86,56.64,150,WON,86.19,248,,,55.33,,17929.358392741415
f28,2026-05-18 20:51,KALSHI,NYY -1.5,MLB,TAKER,693.04,773.99,200,LOST,0.0,292,,,-693.04,,-10000.0
f29,2026-05-20 18:08,KALSHI,Eagles +2.5,NFL,MAKER,602.67,488.29,200,LOST,0.0,164,,,-602.67,,-10000.0
f30,2026-05-20 21:17,KALSHI,LAD ML,MLB,TAKER,148.51,112.81,200,WON,256.09,225,,,107.57999999999998,,7243.956635916772
f31,2026-05-20 19:15,POLY,EDM -1.5,NHL,MAKER,613.48,586.04,150,LOST,0.0,207,,,-613.48,,-10000.0
f32,2026-05-18 18:19,KALSHI,NYY -1.5,MLB,TAKER,173.56,180.67,200,LOST,0.0,227,,,-173.56,,-10000.0
f33,2026-05-25 14:42,POLY,Over 220.5,NBA,MAKER,15.37,22.21,150,WON,37.02,315,,,21.650000000000006,,14085.881587508136
f34,2026-05-24 14:09,KALSHI,Jokic o11.5 AST,NBA,MAKER,277.81,470.74,200,LOST,0.0,255,,,-277.81,,-10000.0
f35,2026-05-18 14:44,KALSHI,BUF ML,NFL,MAKER,20.41,30.74,200,WON,50.13,192,,,29.720000000000002,,14561.489465948065
f36,2026-05-23 13:23,KALSHI,Over 6.5,NHL,TAKER,66.47,73.89,200,LOST,0.0,194,,,-66.47,,-10000.0
f37,2026-05-18 15:38,POLY,Judge o0.5 HR,MLB,TAKER,17.57,20.52,150,LOST,0.0,189,,,-17.57,,-10000.0
f38,2026-05-24 15:05,POLY,BOS ML,MLB,TAKER,229.95,320.53,150,WON,542.22,180,,,312.27000000000004,,13579.90867579909
f39,2026-05-25 19:41,POLY,TOR ML,NHL,TAKER,10.63,17.48,150,WON,27.69,313,,,17.060000000000002,,16048.918156161808
f40,2026-05-22 16:44,KALSHI,Over 44.5,NFL,TAKER,24.92,15.38,200,WON,39.49,231,,,14.57,,5846.709470304975
f41,2026-05-24 13:04,KALSHI,Over 220.5,NBA,TAKER,77.39,78.05,200,LOST,0.0,213,,,-77.39,,-10000.0
f42,2026-05-26 18:38,KALSHI,BOS -4.5,NBA,TAKER,21.17,33.25,200,OPEN,,296,24.61,2026-05-26,,3.4399999999999977,
f43,2026-05-22 13:53,KALSHI,Eagles +2.5,NFL,MAKER,28.13,21.59,200,WON,48.73,224,,,20.599999999999998,,7323.142552435122
f44,2026-05-20 18:51,POLY,McDavid o0.5 G,NHL,MAKER,1055.64,1397.04,150,LOST,0.0,309,,,-1055.64,,-10000.0
f45,2026-05-23 14:47,POLY,BOS ML,MLB,MAKER,52.51,35.22,150,WON,86.41,292,,,33.9,,6455.91315939821
f46,2026-05-27 18:39,KALSHI,Under 210.5,NBA,MAKER,210.37,266.74,200,WON,467.57,227,,,257.2,,12226.07786281314
f47,2026-05-21 18:26,KALSHI,McDavid o0.5 G,NHL,TAKER,30.34,53.42,200,WON,82.08,302,,,51.739999999999995,,17053.394858272906
f48,2026-05-20 22:05,POLY,TOR ML,NHL,MAKER,15.36,13.29,150,LOST,0.0,282,,,-15.36,,-10000.0
f49,2026-05-21 16:43,KALSHI,EDM -1.5,NHL,TAKER,936.77,1276.07,200,WON,2168.58,201,,,1231.81,,13149.545779647086
f50,2026-05-27 20:14,KALSHI,TOR ML,NHL,TAKER,130.02,223.6,200,OPEN,,340,125.34,2026-05-27,,-4.680000000000007,
f51,2026-05-21 21:50,KALSHI,BOS ML,MLB,TAKER,10.15,6.9,200,LOST,0.0,196,,,-10.15,,-10000.0
f52,2026-05-26 13:04,KALSHI,Over 220.5,NBA,TAKER,48.56,33.57,200,WON,80.49,233,,,31.929999999999993,,6575.370675453047
f53,2026-05-25 17:22,KALSHI,Under 41.5,NFL,TAKER,72.02,69.49,200,LOST,0.0,216,,,-72.02,,-10000.0
f54,2026-05-27 15:26,KALSHI,EDM -1.5,NHL,MAKER,12.96,16.62,200,OPEN,,319,11.15,2026-05-27,,-1.8100000000000005,
f55,2026-05-26 14:31,POLY,EDM -1.5,NHL,MAKER,81.01,136.61,150,OPEN,,280,82.2,2026-05-27,,1.1899999999999977,
f56,2026-05-25 14:18,POLY,KC -3.5,NFL,TAKER,202.02,357.99,150,LOST,0.0,203,,,-202.02,,-10000.0
f57,2026-05-19 14:18,POLY,LAD ML,MLB,TAKER,8.32,5.5,150,WON,13.61,287,,,5.289999999999999,,6358.173076923076
f58,2026-05-27 13:21,KALSHI,LAD ML,MLB,MAKER,166.62,157.84,200,OPEN,,267,163.18,2026-05-27,,-3.4399999999999977,
f59,2026-05-20 17:57,POLY,NYY -1.5,MLB,MAKER,97.72,121.48,150,WON,215.91,191,,,118.19,,12094.76054031928
f60,2026-05-24 19:29,POLY,SF -6.5,NFL,TAKER,1030.38,1091.78,150,LOST,0.0,156,,,-1030.38,,-10000.0
f61,2026-05-27 21:00,KALSHI,McDavid o0.5 G,NHL,MAKER,16.18,11.64,200,OPEN,,185,14.21,2026-05-27,,-1.9699999999999989,
f62,2026-05-20 14:00,KALSHI,VGK +1.5,NHL,TAKER,43.58,60.58,200,WON,102.08,314,,,58.5,,13423.588802202847
f63,2026-05-26 14:17,KALSHI,LAD ML,MLB,MAKER,44.31,63.38,200,OPEN,,292,41.73,2026-05-27,,-2.5800000000000054,
f64,2026-05-26 18:39,POLY,NYY -1.5,MLB,TAKER,79.06,94.18,150,OPEN,,284,78.58,2026-05-27,,-0.480000000000004,
f65,2026-05-23 19:17,KALSHI,VGK +1.5,NHL,MAKER,166.21,217.54,200,LOST,0.0,243,,,-166.21,,-10000.0
f66,2026-05-26 18:45,KALSHI,EDM -1.5,NHL,MAKER,229.12,285.79,200,WON,504.61,212,,,275.49,,12023.83030726257
f67,2026-05-27 13:50,KALSHI,BOS ML,MLB,MAKER,319.27,319.27,200,LOST,0.0,227,,,-319.27,,-10000.0
f68,2026-05-22 20:29,KALSHI,Under 210.5,NBA,TAKER,170.72,163.1,200,LOST,0.0,266,,,-170.72,,-10000.0
f69,2026-05-19 17:35,KALSHI,Judge o0.5 HR,MLB,MAKER,131.07,168.45,200,LOST,0.0,178,,,-131.07,,-10000.0
f70,2026-05-26 14:33,POLY,Celtics ML,NBA,TAKER,88.04,77.9,150,OPEN,,211,88.02,2026-05-27,,-0.020000000000010232,
f71,2026-05-27 19:16,KALSHI,Jokic o11.5 AST,NBA,MAKER,524.24,566.14,200,WON,1068.57,213,,,544.3299999999999,,10383.221425301386
f72,2026-05-22 21:54,KALSHI,Jokic o11.5 AST,NBA,MAKER,125.85,189.41,200,LOST,0.0,197,,,-125.85,,-10000.0
f73,2026-05-19 21:42,KALSHI,LAD ML,MLB,TAKER,50.06,88.61,200,WON,135.9,268,,,85.84,,17147.423092289253
f74,2026-05-24 20:22,POLY,Under 41.5,NFL,TAKER,23.5,37.94,150,WON,60.52,220,,,37.02,,15753.191489361705
f75,2026-05-20 18:09,KALSHI,Over 6.5,NHL,MAKER,8.64,13.07,200,VOID,8.64,196,,,0.0,,
f76,2026-05-18 19:32,KALSHI,Over 220.5,NBA,TAKER,26.1,26.7,200,WON,51.74,254,,,25.64,,9823.75478927203
f77,2026-05-21 13:09,POLY,BUF ML,NFL,MAKER,22.16,17.7,150,LOST,0.0,129,,,-22.16,,-10000.0
f78,2026-05-18 20:37,KALSHI,Over 228.5,NBA,MAKER,16.79,26.07,200,WON,42.0,187,,,25.21,,15014.88981536629
f79,2026-05-19 16:55,POLY,Under 41.5,NFL,TAKER,180.69,116.86,150,OPEN,,237,157.5,2026-05-27,,-23.189999999999998,
f80,2026-05-20 19:28,KALSHI,BOS -4.5,NBA,TAKER,73.01,67.27,200,WON,137.47,252,,,64.46,,8828.92754417203
f81,2026-05-19 13:17,POLY,Judge o0.5 HR,MLB,MAKER,248.78,455.44,150,LOST,0.0,250,,,-248.78,,-10000.0
f82,2026-05-20 19:32,POLY,Over 44.5,NFL,TAKER,44.36,79.71,150,WON,122.21,254,,,77.85,,17549.594229035167
f83,2026-05-19 22:40,POLY,Over 228.5,NBA,MAKER,30.69,24.91,150,LOST,0.0,288,,,-30.69,,-10000.0
f84,2026-05-21 14:36,POLY,Over 8.5,MLB,MAKER,14.31,10.99,150,LOST,0.0,209,,,-14.31,,-10000.0
f85,2026-05-24 16:34,POLY,Over 8.5,MLB,MAKER,1112.38,1848.99,150,WON,2916.95,195,,,1804.5699999999997,,16222.60378647584
f86,2026-05-21 21:06,KALSHI,McDavid o0.5 G,NHL,MAKER,8.58,11.12,200,LOST,0.0,232,,,-8.58,,-10000.0
f87,2026-05-18 18:28,KALSHI,Jokic o11.5 AST,NBA,MAKER,362.43,241.32,200,WON,591.67,176,,,229.23999999999995,,6325.083464393123
f88,2026-05-26 22:02,KALSHI,NYY -1.5,MLB,TAKER,12.65,13.49,200,LOST,0.0,198,,,-12.65,,-10000.0
f89,2026-05-19 15:43,POLY,BOS ML,MLB,TAKER,182.62,133.09,150,WON,310.97,240,,,128.35000000000002,,7028.255393713724
f90,2026-05-23 16:01,POLY,Celtics ML,NBA,MAKER,73.06,102.11,150,WON,172.54,151,,,99.47999999999999,,13616.205858198738
f91,2026-05-23 19:42,KALSHI,Over 8.5,MLB,TAKER,9.93,7.37,200,LOST,0.0,257,,,-9.93,,-10000.0
f92,2026-05-25 20:55,KALSHI,Jokic o11.5 AST,NBA,MAKER,285.56,254.98,200,LOST,0.0,298,,,-285.56,,-10000.0
f93,2026-05-26 19:58,POLY,NYY -1.5,MLB,TAKER,23.27,16.38,150,WON,39.06,211,,,15.790000000000003,,6785.560807907178
f94,2026-05-20 22:33,KALSHI,Judge o0.5 HR,MLB,TAKER,280.97,385.7,200,LOST,0.0,226,,,-280.97,,-10000.0
f95,2026-05-19 21:24,KALSHI,LAL ML,NBA,TAKER,240.98,276.57,200,WON,507.2,282,,,266.22,,11047.389824881735
f96,2026-05-22 16:26,KALSHI,Over 228.5,NBA,TAKER,550.82,444.57,200,WON,975.48,220,,,424.65999999999997,,7709.596601430594
f97,2026-05-22 21:31,KALSHI,Judge o0.5 HR,MLB,TAKER,39.01,35.31,200,LOST,0.0,183,,,-39.01,,-10000.0
f98,2026-05-23 22:31,KALSHI,BOS -4.5,NBA,MAKER,45.99,71.55,200,LOST,0.0,213,,,-45.99,,-10000.0
f99,2026-05-23 20:51,KALSHI,LAL ML,NBA,TAKER,23.72,15.62,200,WON,38.55,188,,,14.829999999999998,,6252.10792580101
f100,2026-05-21 20:45,POLY,Under 41.5,NFL,TAKER,1192.89,748.76,150,LOST,0.0,224,,,-1192.89,,-10000.0
f101,2026-05-20 21:51,KALSHI,Under 5.5,NHL,TAKER,55.87,68.23,200,OPEN,,251,65.94,2026-05-26,,10.07,
f102,2026-05-24 13:09,POLY,Mitchell o27.5,NBA,TAKER,89.71,69.58,150,LOST,0.0,207,,,-89.71,,-10000.0
f103,2026-05-27 22:13,KALSHI,Eagles +2.5,NFL,TAKER,863.36,1564.86,200,OPEN,,173,742.97,2026-05-27,,-120.38999999999999,
f104,2026-05-19 13:54,KALSHI,Over 220.5,NBA,MAKER,49.46,54.2,200,WON,101.59,260,,,52.13,,10539.830165790538
f105,2026-05-26 21:22,KALSHI,Mahomes o1.5 TD,NFL,MAKER,396.51,256.79,200,OPEN,,164,393.36,2026-05-27,,-3.1499999999999773,
f106,2026-05-26 13:19,KALSHI,KC -3.5,NFL,MAKER,219.14,256.58,200,OPEN,,145,248.57,2026-05-27,,29.430000000000007,
f107,2026-05-20 20:12,KALSHI,Over 8.5,MLB,MAKER,44.6,63.25,200,LOST,0.0,222,,,-44.6,,-10000.0
f108,2026-05-24 22:16,KALSHI,Under 41.5,NFL,TAKER,43.22,32.84,200,WON,74.54,219,,,31.320000000000007,,7246.645071726054
f109,2026-05-25 14:02,POLY,NYY -1.5,MLB,TAKER,1055.54,1217.4,150,OPEN,,239,902.11,2026-05-27,,-153.42999999999995,
f110,2026-05-22 16:04,POLY,Over 8.5,MLB,MAKER,115.0,210.58,150,VOID,115.0,200,,,0.0,,
f111,2026-05-20 13:51,POLY,Celtics ML,NBA,TAKER,218.51,305.33,150,WON,515.98,288,,,297.47,,13613.564596585971
f112,2026-05-27 13:59,KALSHI,Over 220.5,NBA,TAKER,686.0,459.65,200,OPEN,,315,710.84,2026-05-27,,24.840000000000032,
f113,2026-05-25 17:44,POLY,NYY -1.5,MLB,MAKER,130.99,230.93,150,WON,356.49,266,,,225.5,,17215.054584319412
f114,2026-05-18 18:22,POLY,Celtics ML,NBA,MAKER,97.64,73.81,150,LOST,0.0,176,,,-97.64,,-10000.0
f115,2026-05-23 15:29,KALSHI,NYY -1.5,MLB,TAKER,31.77,44.75,200,WON,74.99,259,,,43.22,,13604.028958136607
f116,2026-05-27 22:23,KALSHI,LAD ML,MLB,TAKER,22.86,38.89,200,WON,60.52,190,,,37.660000000000004,,16474.19072615923
f117,2026-05-26 15:19,KALSHI,BOS -4.5,NBA,TAKER,149.33,137.93,200,LOST,0.0,266,,,-149.33,,-10000.0
f118,2026-05-24 21:14,POLY,Under 210.5,NBA,MAKER,371.13,470.22,150,LOST,0.0,207,,,-371.13,,-10000.0
f119,2026-05-22 14:35,KALSHI,Over 8.5,MLB,TAKER,34.03,39.94,200,WON,72.49,244,,,38.459999999999994,,11301.792535997647
f120,2026-05-22 14:38,POLY,KC -3.5,NFL,MAKER,27.84,24.83,150,VOID,27.84,156,,,0.0,,
f121,2026-05-26 19:57,POLY,Over 8.5,MLB,TAKER,178.92,283.51,150,OPEN,,262,194.23,2026-05-27,,15.310000000000002,
f122,2026-05-22 13:40,KALSHI,TOR ML,NHL,TAKER,13.73,12.33,200,OPEN,,328,11.33,2026-05-26,,-2.4000000000000004,
f123,2026-05-22 19:56,POLY,Mahomes o1.5 TD,NFL,TAKER,533.47,356.71,150,LOST,0.0,204,,,-533.47,,-10000.0
f124,2026-05-21 21:53,KALSHI,BUF ML,NFL,MAKER,465.57,367.52,200,LOST,0.0,135,,,-465.57,,-10000.0
f125,2026-05-18 20:54,KALSHI,SF -6.5,NFL,MAKER,1254.14,991.04,200,WON,2200.28,177,,,946.1400000000001,,7544.133828759151
f126,2026-05-20 21:39,KALSHI,BUF ML,NFL,TAKER,325.79,429.05,200,LOST,0.0,205,,,-325.79,,-10000.0
f127,2026-05-19 16:47,KALSHI,Over 220.5,NBA,TAKER,123.75,86.86,200,LOST,0.0,308,,,-123.75,,-10000.0
f128,2026-05-27 15:15,KALSHI,NYY -1.5,MLB,MAKER,345.77,233.12,200,VOID,345.77,215,,,0.0,,
f129,2026-05-26 17:28,KALSHI,SF -6.5,NFL,MAKER,115.46,150.48,200,OPEN,,203,120.43,2026-05-26,,4.970000000000013,
f130,2026-05-23 14:06,KALSHI,Over 6.5,NHL,TAKER,54.89,47.09,200,WON,99.94,247,,,45.05,,8207.323738385863
f131,2026-05-25 15:36,POLY,LAL ML,NBA,TAKER,37.91,54.5,150,WON,91.02,248,,,53.11,,14009.496175151677
f132,2026-05-19 22:30,POLY,Over 220.5,NBA,MAKER,29.54,28.73,150,LOST,0.0,290,,,-29.54,,-10000.0
f133,2026-05-20 13:49,KALSHI,SF -6.5,NFL,MAKER,617.56,767.95,200,WON,1357.8,227,,,740.24,,11986.52762484617
f134,2026-05-18 18:33,KALSHI,NYY -1.5,MLB,MAKER,1094.16,1949.89,200,WON,2983.17,290,,,1889.01,,17264.476858960297
f135,2026-05-21 13:53,POLY,Over 220.5,NBA,MAKER,29.43,29.2,150,WON,57.75,245,,,28.32,,9622.83384301733
f136,2026-05-24 22:02,KALSHI,KC -3.5,NFL,MAKER,441.59,429.27,200,WON,853.44,138,,,411.8500000000001,,9326.524604270933
f137,2026-05-23 20:59,KALSHI,Over 8.5,MLB,MAKER,55.45,82.53,200,WON,135.22,207,,,79.77,,14385.933273219116
f138,2026-05-19 15:17,KALSHI,LAL ML,NBA,MAKER,746.45,528.36,200,LOST,0.0,251,,,-746.45,,-10000.0
f139,2026-05-18 22:17,KALSHI,BOS -4.5,NBA,MAKER,30.66,20.85,200,WON,50.48,256,,,19.819999999999997,,6464.448793215915
f140,2026-05-21 15:31,KALSHI,VGK +1.5,NHL,TAKER,633.55,516.24,200,WON,1126.79,256,,,493.24,,7785.336595375267
f141,2026-05-25 17:42,KALSHI,BOS -4.5,NBA,MAKER,13.71,9.0,200,LOST,0.0,281,,,-13.71,,-10000.0
f142,2026-05-25 13:11,KALSHI,KC -3.5,NFL,TAKER,26.79,31.37,200,LOST,0.0,255,,,-26.79,,-10000.0
f143,2026-05-25 15:57,KALSHI,BUF ML,NFL,MAKER,17.63,17.68,200,LOST,0.0,258,,,-17.63,,-10000.0
f144,2026-05-23 15:33,KALSHI,Over 8.5,MLB,MAKER,511.95,702.72,200,VOID,511.95,271,,,0.0,,
f145,2026-05-25 19:03,KALSHI,BOS -4.5,NBA,TAKER,24.82,25.08,200,LOST,0.0,251,,,-24.82,,-10000.0
f146,2026-05-22 17:41,KALSHI,Under 41.5,NFL,TAKER,134.46,91.46,200,LOST,0.0,167,,,-134.46,,-10000.0
f147,2026-05-20 16:56,KALSHI,Over 220.5,NBA,TAKER,178.03,228.06,200,LOST,0.0,198,,,-178.03,,-10000.0
f148,2026-05-18 15:55,POLY,EDM -1.5,NHL,MAKER,22.02,23.6,150,WON,44.94,333,,,22.919999999999998,,10408.719346049045
f149,2026-05-27 17:20,POLY,TOR ML,NHL,MAKER,37.11,27.69,150,OPEN,,270,34.17,2026-05-27,,-2.9399999999999977,
f150,2026-05-22 15:41,KALSHI,Under 7.5,MLB,TAKER,305.94,193.76,200,WON,489.71,266,,,183.76999999999998,,6006.733346407792
f151,2026-05-18 20:53,KALSHI,Under 5.5,NHL,MAKER,879.67,1343.96,200,WON,2179.16,230,,,1299.4899999999998,,14772.471494992438
f152,2026-05-21 14:14,POLY,Under 41.5,NFL,TAKER,1051.95,1524.32,150,LOST,0.0,144,,,-1051.95,,-10000.0
f153,2026-05-20 18:04,KALSHI,BUF ML,NFL,TAKER,661.71,1111.82,200,LOST,0.0,147,,,-661.71,,-10000.0
f154,2026-05-21 20:48,POLY,Over 44.5,NFL,TAKER,740.56,1338.17,150,LOST,0.0,199,,,-740.56,,-10000.0
f155,2026-05-23 16:59,POLY,LAL ML,NBA,TAKER,361.1,457.86,150,LOST,0.0,298,,,-361.1,,-10000.0
f156,2026-05-20 20:53,KALSHI,LAD ML,MLB,MAKER,24.19,37.7,200,WON,60.65,194,,,36.459999999999994,,15072.343943778418
f157,2026-05-18 20:51,KALSHI,Over 220.5,NBA,MAKER,208.33,201.86,200,VOID,208.33,258,,,0.0,,
f158,2026-05-23 19:11,POLY,Over 44.5,NFL,TAKER,49.06,63.55,150,WON,110.92,245,,,61.86,,12609.050142682428
f159,2026-05-18 15:16,KALSHI,McDavid o0.5 G,NHL,MAKER,98.09,122.28,200,LOST,0.0,315,,,-98.09,,-10000.0
f160,2026-05-26 17:19,KALSHI,Mitchell o27.5,NBA,MAKER,53.5,45.66,200,OPEN,,239,52.59,2026-05-27,,-0.9099999999999966,
f161,2026-05-25 21:02,KALSHI,Over 220.5,NBA,TAKER,287.17,320.46,200,WON,595.48,210,,,308.31,,10736.14931921858
f162,2026-05-25 19:57,KALSHI,NYY -1.5,MLB,MAKER,591.26,429.96,200,OPEN,,215,702.57,2026-05-26,,111.31000000000006,
f163,2026-05-27 14:29,KALSHI,LAL ML,NBA,TAKER,476.95,367.18,200,OPEN,,296,451.76,2026-05-27,,-25.189999999999998,
f164,2026-05-19 20:06,KALSHI,Celtics ML,NBA,TAKER,23.27,20.74,200,VOID,23.27,247,,,0.0,,
f165,2026-05-22 15:46,POLY,Over 44.5,NFL,MAKER,24.35,22.37,150,WON,46.02,245,,,21.67,,8899.383983572896
f166,2026-05-24 19:56,POLY,Judge o0.5 HR,MLB,MAKER,133.98,195.75,150,WON,324.78,271,,,190.79999999999998,,14240.931482310792
f167,2026-05-27 20:25,KALSHI,NYY -1.5,MLB,TAKER,1155.02,1380.09,200,WON,2484.41,277,,,1329.3899999999999,,11509.670828210765
f168,2026-05-23 19:35,KALSHI,McDavid o0.5 G,NHL,TAKER,29.5,27.06,200,LOST,0.0,278,,,-29.5,,-10000.0
f169,2026-05-23 14:18,KALSHI,Mitchell o27.5,NBA,MAKER,237.63,423.56,200,LOST,0.0,308,,,-237.63,,-10000.0
f170,2026-05-25 17:13,KALSHI,Under 41.5,NFL,TAKER,13.06,17.92,200,LOST,0.0,124,,,-13.06,,-10000.0
f171,2026-05-18 13:39,KALSHI,Under 210.5,NBA,TAKER,28.55,34.01,200,WON,61.31,153,,,32.760000000000005,,11474.605954465851
f172,2026-05-23 22:14,POLY,Celtics ML,NBA,MAKER,309.23,395.45,150,WON,694.11,309,,,384.88,,12446.399120395821
f173,2026-05-24 13:46,POLY,NYY -1.5,MLB,TAKER,89.13,148.6,150,WON,234.16,239,,,145.03,,16271.73791091664
f174,2026-05-22 13:57,POLY,KC -3.5,NFL,MAKER,45.39,48.92,150,WON,92.9,158,,,47.510000000000005,,10467.063229786298
f175,2026-05-27 20:13,POLY,Celtics ML,NBA,MAKER,1226.38,1704.07,150,WON,2886.49,170,,,1660.1099999999997,,13536.668895448389
f176,2026-05-23 19:47,KALSHI,Under 41.5,NFL,TAKER,44.79,65.65,200,WON,108.23,168,,,63.440000000000005,,14163.875865148471
f177,2026-05-22 19:51,KALSHI,Over 220.5,NBA,MAKER,259.07,463.39,200,WON,708.01,202,,,448.94,,17328.9072451461
f178,2026-05-25 15:19,POLY,McDavid o0.5 G,NHL,MAKER,301.17,397.12,150,LOST,0.0,283,,,-301.17,,-10000.0
f179,2026-05-24 21:18,POLY,VGK +1.5,NHL,MAKER,293.99,203.72,150,WON,490.24,294,,,196.25,,6675.3971223511
f180,2026-05-18 18:26,KALSHI,Under 5.5,NHL,MAKER,949.94,787.4,200,LOST,0.0,279,,,-949.94,,-10000.0
f181,2026-05-19 22:22,KALSHI,TOR ML,NHL,TAKER,34.07,44.64,200,WON,77.14,207,,,43.07,,12641.620193718814
f182,2026-05-26 21:38,KALSHI,BOS -4.5,NBA,MAKER,183.13,146.35,200,WON,322.89,282,,,139.76,,7631.73701741932
f183,2026-05-20 18:23,KALSHI,EDM -1.5,NHL,MAKER,19.9,31.08,200,LOST,0.0,279,,,-19.9,,-10000.0
f184,2026-05-18 13:07,POLY,Under 41.5,NFL,MAKER,1073.72,802.22,150,OPEN,,133,1098.71,2026-05-27,,24.99000000000001,
f185,2026-05-23 15:49,KALSHI,Mahomes o1.5 TD,NFL,MAKER,20.48,30.63,200,WON,50.09,202,,,29.610000000000003,,14458.007812500002
f186,2026-05-27 13:20,KALSHI,NYY -1.5,MLB,TAKER,143.55,91.43,200,OPEN,,196,163.2,2026-05-27,,19.649999999999977,
f187,2026-05-27 13:04,KALSHI,McDavid o0.5 G,NHL,MAKER,10.67,11.38,200,LOST,0.0,295,,,-10.67,,-10000.0
f188,2026-05-18 18:20,POLY,Celtics ML,NBA,MAKER,26.23,20.98,150,WON,46.5,178,,,20.27,,7727.792603888677
f189,2026-05-25 15:35,KALSHI,Under 210.5,NBA,MAKER,12.15,14.98,200,WON,26.59,280,,,14.44,,11884.77366255144
f190,2026-05-20 21:36,KALSHI,SF -6.5,NFL,MAKER,118.67,131.3,200,LOST,0.0,224,,,-118.67,,-10000.0
f191,2026-05-26 17:21,POLY,BOS -4.5,NBA,MAKER,576.18,367.18,150,OPEN,,244,576.14,2026-05-27,,-0.03999999999996362,
f192,2026-05-25 20:50,POLY,McDavid o0.5 G,NHL,TAKER,39.65,38.2,150,LOST,0.0,260,,,-39.65,,-10000.0
f193,2026-05-27 14:11,KALSHI,LAD ML,MLB,TAKER,39.08,45.25,200,OPEN,,226,41.88,2026-05-27,,2.8000000000000043,
f194,2026-05-23 18:12,POLY,McDavid o0.5 G,NHL,TAKER,613.85,992.4,150,WON,1582.16,307,,,968.3100000000001,,15774.374847275392
f195,2026-05-22 18:49,KALSHI,Jokic o11.5 AST,NBA,TAKER,64.95,42.48,200,VOID,64.95,188,,,0.0,,
f196,2026-05-18 21:44,KALSHI,KC -3.5,NFL,TAKER,69.74,65.63,200,LOST,0.0,138,,,-69.74,,-10000.0
f197,2026-05-27 21:38,KALSHI,Over 228.5,NBA,TAKER,271.97,318.67,200,WON,578.83,269,,,306.86,,11282.862080376512
f198,2026-05-21 15:44,POLY,KC -3.5,NFL,TAKER,116.36,102.78,150,LOST,0.0,158,,,-116.36,,-10000.0
f199,2026-05-25 16:57,POLY,NYY -1.5,MLB,MAKER,678.03,594.34,150,WON,1253.28,281,,,575.25,,8484.137870005752
f200,2026-05-27 20:21,KALSHI,Under 7.5,MLB,TAKER,405.08,632.74,200,OPEN,,271,348.38,2026-05-27,,-56.69999999999999,
f201,2026-05-23 15:40,POLY,Over 8.5,MLB,MAKER,583.69,428.34,150,WON,996.85,296,,,413.15999999999997,,7078.414912025218
f202,2026-05-21 13:05,KALSHI,Under 7.5,MLB,MAKER,12.69,13.21,200,LOST,0.0,289,,,-12.69,,-10000.0
f203,2026-05-24 18:39,KALSHI,SF -6.5,NFL,MAKER,772.67,1063.24,200,WON,1799.19,122,,,1026.52,,13285.361150297023
f204,2026-05-21 21:35,POLY,Under 41.5,NFL,MAKER,26.32,27.93,150,LOST,0.0,152,,,-26.32,,-10000.0
f205,2026-05-27 21:14,KALSHI,Over 8.5,MLB,TAKER,109.22,195.53,200,LOST,0.0,274,,,-109.22,,-10000.0
f206,2026-05-26 21:28,KALSHI,Judge o0.5 HR,MLB,MAKER,240.3,157.1,200,VOID,240.3,206,,,0.0,,
f207,2026-05-23 18:23,KALSHI,McDavid o0.5 G,NHL,TAKER,27.94,39.89,200,LOST,0.0,183,,,-27.94,,-10000.0
f208,2026-05-20 13:34,POLY,SF -6.5,NFL,TAKER,36.9,24.03,150,LOST,0.0,239,,,-36.9,,-10000.0
f209,2026-05-20 15:58,KALSHI,SF -6.5,NFL,TAKER,65.59,119.63,200,LOST,0.0,203,,,-65.59,,-10000.0
f210,2026-05-20 14:52,POLY,Under 41.5,NFL,TAKER,185.6,220.63,150,WON,400.14,153,,,214.54,,11559.267241379312
f211,2026-05-19 19:09,KALSHI,Over 220.5,NBA,TAKER,214.63,303.52,200,LOST,0.0,260,,,-214.63,,-10000.0
f212,2026-05-24 16:29,POLY,Mahomes o1.5 TD,NFL,MAKER,21.66,38.18,150,WON,58.94,192,,,37.28,,17211.44967682364
f213,2026-05-24 16:38,KALSHI,BUF ML,NFL,TAKER,329.24,228.16,200,WON,546.25,246,,,217.01,,6591.2404325112375
f214,2026-05-19 21:37,POLY,EDM -1.5,NHL,TAKER,93.77,113.24,150,WON,203.9,321,,,110.13000000000001,,11744.694465180763
f215,2026-05-19 19:23,KALSHI,Under 5.5,NHL,TAKER,969.38,884.99,200,LOST,0.0,326,,,-969.38,,-10000.0
f216,2026-05-24 15:02,KALSHI,Mahomes o1.5 TD,NFL,MAKER,11.65,16.71,200,LOST,0.0,132,,,-11.65,,-10000.0
f217,2026-05-19 13:38,POLY,Under 5.5,NHL,TAKER,17.84,19.97,150,OPEN,,215,15.97,2026-05-26,,-1.8699999999999992,
f218,2026-05-27 17:15,KALSHI,BOS ML,MLB,MAKER,53.44,41.07,200,OPEN,,238,56.2,2026-05-27,,2.760000000000005,
f219,2026-05-27 19:48,KALSHI,Over 228.5,NBA,MAKER,936.41,909.99,200,OPEN,,167,860.5,2026-05-27,,-75.90999999999997,
f220,2026-05-27 22:21,KALSHI,Over 220.5,NBA,MAKER,1175.46,1156.73,200,OPEN,,297,1160.24,2026-05-27,,-15.220000000000027,
f221,2026-05-25 20:00,KALSHI,BOS -4.5,NBA,MAKER,282.06,396.09,200,LOST,0.0,175,,,-282.06,,-10000.0
f222,2026-05-21 14:30,POLY,Over 228.5,NBA,MAKER,19.23,22.42,150,VOID,19.23,177,,,0.0,,
f223,2026-05-27 15:00,POLY,Over 8.5,MLB,TAKER,75.57,114.06,150,OPEN,,238,72.52,2026-05-27,,-3.049999999999997,
f224,2026-05-26 18:56,KALSHI,Under 7.5,MLB,MAKER,388.57,247.6,200,OPEN,,174,380.79,2026-05-26,,-7.779999999999973,
f225,2026-05-19 18:01,KALSHI,Over 228.5,NBA,TAKER,130.68,133.73,200,WON,259.12,191,,,128.44,,9828.58891949801
f226,2026-05-19 13:04,KALSHI,Over 6.5,NHL,TAKER,272.93,307.74,200,LOST,0.0,192,,,-272.93,,-10000.0
f227,2026-05-18 16:51,KALSHI,Eagles +2.5,NFL,MAKER,1332.68,837.46,200,LOST,0.0,147,,,-1332.68,,-10000.0
f228,2026-05-21 16:30,POLY,Over 228.5,NBA,MAKER,36.79,28.89,150,LOST,0.0,260,,,-36.79,,-10000.0
f229,2026-05-24 14:21,KALSHI,BOS ML,MLB,TAKER,50.74,37.07,200,LOST,0.0,261,,,-50.74,,-10000.0
f230,2026-05-18 13:32,POLY,McDavid o0.5 G,NHL,MAKER,245.38,357.86,150,WON,594.19,303,,,348.81000000000006,,14215.094954764041
f231,2026-05-25 16:41,KALSHI,BOS ML,MLB,TAKER,31.17,44.57,200,LOST,0.0,200,,,-31.17,,-10000.0
f232,2026-05-22 20:36,KALSHI,BUF ML,NFL,MAKER,328.7,383.1,200,WON,697.56,196,,,368.85999999999996,,11221.782780651049
f233,2026-05-27 20:46,POLY,BOS -4.5,NBA,TAKER,556.31,657.3,150,LOST,0.0,183,,,-556.31,,-10000.0
f234,2026-05-25 14:55,KALSHI,Celtics ML,NBA,MAKER,177.62,135.5,200,OPEN,,163,211.07,2026-05-27,,33.44999999999999,
f235,2026-05-22 14:51,POLY,Celtics ML,NBA,TAKER,675.56,751.44,150,WON,1405.6,152,,,730.04,,10806.442062881166
f236,2026-05-23 14:19,KALSHI,SF -6.5,NFL,MAKER,681.55,659.38,200,WON,1314.11,175,,,632.56,,9281.197270926563
f237,2026-05-18 16:02,POLY,McDavid o0.5 G,NHL,MAKER,27.06,23.87,150,OPEN,,334,30.24,2026-05-26,,3.1799999999999997,
f238,2026-05-22 16:33,KALSHI,Over 220.5,NBA,TAKER,843.37,558.13,200,LOST,0.0,273,,,-843.37,,-10000.0
f239,2026-05-22 14:12,KALSHI,Celtics ML,NBA,TAKER,30.42,22.39,200,VOID,30.42,162,,,0.0,,
f240,2026-05-18 20:21,KALSHI,Eagles +2.5,NFL,MAKER,12.96,8.34,200,WON,20.87,220,,,7.91,,6103.3950617283945
f241,2026-05-27 22:24,KALSHI,Under 5.5,NHL,MAKER,41.02,61.9,200,OPEN,,273,47.05,2026-05-27,,6.029999999999994,
f242,2026-05-25 18:43,KALSHI,LAL ML,NBA,TAKER,40.6,59.51,200,WON,98.11,301,,,57.51,,14165.024630541871
f243,2026-05-19 14:44,POLY,BOS -4.5,NBA,MAKER,207.21,292.92,150,VOID,207.21,307,,,0.0,,
f244,2026-05-21 13:51,POLY,Eagles +2.5,NFL,TAKER,320.28,234.5,150,WON,546.46,173,,,226.18000000000006,,7061.945797427254
f245,2026-05-22 16:11,POLY,KC -3.5,NFL,MAKER,52.04,64.01,150,WON,114.31,243,,,62.27,,11965.795541890853
f246,2026-05-26 22:21,KALSHI,BOS -4.5,NBA,MAKER,1283.84,2256.96,200,VOID,1283.84,315,,,0.0,,
f247,2026-05-26 16:07,POLY,NYY -1.5,MLB,TAKER,826.97,760.26,150,LOST,0.0,187,,,-826.97,,-10000.0
f248,2026-05-18 13:09,KALSHI,LAL ML,NBA,MAKER,23.78,35.63,200,VOID,23.78,267,,,0.0,,
f249,2026-05-24 19:24,KALSHI,Under 5.5,NHL,MAKER,98.4,81.08,200,WON,175.89,182,,,77.48999999999998,,7874.999999999997
f250,2026-05-26 21:58,POLY,Eagles +2.5,NFL,TAKER,16.33,22.04,150,OPEN,,185,14.79,2026-05-27,,-1.5399999999999991,
f251,2026-05-24 15:00,KALSHI,Mahomes o1.5 TD,NFL,MAKER,27.18,42.32,200,WON,68.11,190,,,40.93,,15058.866813833702
f252,2026-05-21 17:38,POLY,Over 228.5,NBA,TAKER,1152.2,1030.89,150,LOST,0.0,156,,,-1152.2,,-10000.0
f253,2026-05-18 19:49,POLY,Over 220.5,NBA,MAKER,425.95,475.71,150,WON,888.14,164,,,462.19,,10850.804084986501
f254,2026-05-20 18:19,POLY,Over 220.5,NBA,TAKER,524.33,584.61,150,OPEN,,177,625.42,2026-05-26,,101.08999999999992,
f255,2026-05-22 20:08,POLY,Under 5.5,NHL,MAKER,260.29,363.63,150,LOST,0.0,218,,,-260.29,,-10000.0
f256,2026-05-19 14:41,POLY,NYY -1.5,MLB,TAKER,300.87,214.58,150,WON,507.72,298,,,206.85000000000002,,6875.062319274106
f257,2026-05-27 17:10,KALSHI,Celtics ML,NBA,MAKER,135.16,88.95,200,WON,219.63,181,,,84.47,,6249.630068067476
f258,2026-05-25 14:07,POLY,Over 228.5,NBA,TAKER,1240.41,1706.88,150,WON,2903.08,156,,,1662.6699999999998,,13404.196999379235
f259,2026-05-25 19:00,KALSHI,KC -3.5,NFL,TAKER,41.61,63.81,200,LOST,0.0,221,,,-41.61,,-10000.0
f260,2026-05-23 20:28,KALSHI,BUF ML,NFL,TAKER,36.76,61.95,200,WON,96.74,233,,,59.98,,16316.64853101197
f261,2026-05-25 21:44,KALSHI,Over 228.5,NBA,TAKER,388.18,406.68,200,WON,778.96,242,,,390.78000000000003,,10066.979236436706
f262,2026-05-27 21:24,KALSHI,LAD ML,MLB,MAKER,12.37,20.01,200,WON,31.73,239,,,19.36,,15650.767987065483
f263,2026-05-18 13:55,POLY,Under 5.5,NHL,TAKER,36.64,40.19,150,LOST,0.0,272,,,-36.64,,-10000.0
f264,2026-05-26 13:18,KALSHI,EDM -1.5,NHL,TAKER,848.36,623.83,200,OPEN,,250,819.26,2026-05-27,,-29.100000000000023,
f265,2026-05-27 16:15,KALSHI,Mahomes o1.5 TD,NFL,MAKER,47.3,78.93,200,WON,123.71,201,,,76.41,,16154.334038054969
f266,2026-05-27 21:29,KALSHI,LAD ML,MLB,MAKER,1071.09,1656.94,200,OPEN,,200,1021.02,2026-05-27,,-50.069999999999936,
f267,2026-05-25 22:39,KALSHI,LAD ML,MLB,MAKER,39.76,38.64,200,WON,76.83,171,,,37.07,,9323.44064386318
f268,2026-05-22 19:44,KALSHI,TOR ML,NHL,TAKER,1007.55,989.9,200,WON,1957.5,180,,,949.95,,9428.31621259491
f269,2026-05-19 18:09,KALSHI,McDavid o0.5 G,NHL,TAKER,23.7,16.8,200,LOST,0.0,220,,,-23.7,,-10000.0
f270,2026-05-20 17:01,POLY,Over 228.5,NBA,TAKER,22.27,19.04,150,VOID,22.27,281,,,0.0,,
f271,2026-05-27 19:21,KALSHI,Over 8.5,MLB,TAKER,1067.99,1059.91,200,WON,2085.34,192,,,1017.3500000000001,,9525.838256912519
f272,2026-05-18 18:56,KALSHI,SF -6.5,NFL,MAKER,172.6,182.1,200,OPEN,,199,179.73,2026-05-27,,7.1299999999999955,
f273,2026-05-22 15:39,KALSHI,KC -3.5,NFL,TAKER,23.8,34.03,200,LOST,0.0,199,,,-23.8,,-10000.0
f274,2026-05-26 20:34,POLY,KC -3.5,NFL,MAKER,285.88,318.17,150,WON,594.99,169,,,309.11,,10812.578704351476
f275,2026-05-24 16:49,KALSHI,BOS -4.5,NBA,MAKER,876.91,797.83,200,VOID,876.91,173,,,0.0,,
f276,2026-05-21 21:11,POLY,Under 210.5,NBA,TAKER,261.67,465.38,150,LOST,0.0,261,,,-261.67,,-10000.0
f277,2026-05-25 21:01,POLY,BOS -4.5,NBA,MAKER,137.03,90.54,150,LOST,0.0,150,,,-137.03,,-10000.0
f278,2026-05-22 20:10,POLY,McDavid o0.5 G,NHL,TAKER,49.51,30.65,150,WON,78.96,186,,,29.449999999999996,,5948.293274086042
f279,2026-05-25 22:59,POLY,Under 7.5,MLB,TAKER,56.19,35.3,150,LOST,0.0,219,,,-56.19,,-10000.0
f280,2026-05-27 17:24,KALSHI,NYY -1.5,MLB,TAKER,21.27,32.94,200,OPEN,,227,20.26,2026-05-27,,-1.009999999999998,
f281,2026-05-21 15:22,POLY,SF -6.5,NFL,MAKER,926.47,1295.96,150,LOST,0.0,129,,,-926.47,,-10000.0
f282,2026-05-26 20:47,POLY,Over 228.5,NBA,MAKER,20.16,21.48,150,WON,41.02,191,,,20.860000000000003,,10347.222222222224
f283,2026-05-26 19:20,POLY,Over 8.5,MLB,MAKER,1369.18,1705.13,150,OPEN,,286,1641.65,2026-05-27,,272.47,
f284,2026-05-22 15:09,KALSHI,Judge o0.5 HR,MLB,TAKER,207.51,173.47,200,WON,373.36,278,,,165.85000000000002,,7992.385909112815
f285,2026-05-23 19:34,KALSHI,NYY -1.5,MLB,TAKER,21.45,28.64,200,WON,49.09,267,,,27.640000000000004,,12885.780885780889
f286,2026-05-25 19:34,KALSHI,Celtics ML,NBA,TAKER,961.93,1214.7,200,WON,2133.1,204,,,1171.17,,12175.210254384416
f287,2026-05-20 14:46,KALSHI,LAD ML,MLB,TAKER,1160.11,1045.1,200,WON,2161.11,199,,,1001.0000000000002,,8628.4921257467
f288,2026-05-27 15:39,KALSHI,Eagles +2.5,NFL,MAKER,69.94,70.95,200,LOST,0.0,173,,,-69.94,,-10000.0
f289,2026-05-19 19:41,KALSHI,KC -3.5,NFL,TAKER,1377.98,1432.03,200,WON,2753.81,151,,,1375.83,,9984.39745134182
f290,2026-05-19 22:29,POLY,Under 210.5,NBA,MAKER,42.91,38.3,150,WON,79.99,197,,,37.08,,8641.342344441855
f291,2026-05-20 17:52,KALSHI,Under 7.5,MLB,MAKER,29.94,21.58,200,LOST,0.0,273,,,-29.94,,-10000.0
f292,2026-05-18 20:29,KALSHI,Jokic o11.5 AST,NBA,MAKER,40.01,38.18,200,LOST,0.0,213,,,-40.01,,-10000.0
f293,2026-05-19 15:43,KALSHI,LAD ML,MLB,TAKER,11.9,15.63,200,LOST,0.0,253,,,-11.9,,-10000.0
f294,2026-05-23 17:38,POLY,VGK +1.5,NHL,MAKER,16.6,18.17,150,LOST,0.0,182,,,-16.6,,-10000.0
f295,2026-05-20 18:49,POLY,Jokic o11.5 AST,NBA,MAKER,10.84,10.9,150,WON,21.41,310,,,10.57,,9750.922509225093
f296,2026-05-23 22:59,POLY,Celtics ML,NBA,MAKER,51.54,80.36,150,LOST,0.0,179,,,-51.54,,-10000.0
f297,2026-05-21 20:17,KALSHI,BUF ML,NFL,MAKER,599.59,768.3,200,LOST,0.0,126,,,-599.59,,-10000.0
f298,2026-05-21 20:16,KALSHI,Over 220.5,NBA,TAKER,207.92,163.67,200,LOST,0.0,256,,,-207.92,,-10000.0
f299,2026-05-26 20:49,KALSHI,BOS -4.5,NBA,TAKER,17.51,12.26,200,OPEN,,290,18.2,2026-05-27,,0.6899999999999977,
f300,2026-05-25 15:29,KALSHI,NYY -1.5,MLB,MAKER,70.75,81.89,200,WON,149.59,263,,,78.84,,11143.462897526502
f301,2026-05-19 14:06,POLY,Under 5.5,NHL,MAKER,18.17,12.3,150,LOST,0.0,321,,,-18.17,,-10000.0
f302,2026-05-19 19:20,POLY,BOS ML,MLB,TAKER,10.26,14.47,150,WON,24.36,277,,,14.1,,13742.690058479533
f303,2026-05-26 15:23,KALSHI,BUF ML,NFL,TAKER,1376.71,1849.18,200,OPEN,,218,1256.81,2026-05-27,,-119.90000000000009,
f304,2026-05-23 13:16,KALSHI,Mitchell o27.5,NBA,TAKER,495.33,321.84,200,VOID,495.33,204,,,0.0,,
f305,2026-05-18 15:45,POLY,Over 8.5,MLB,TAKER,1102.46,1375.73,150,WON,2441.02,263,,,1338.56,,12141.57429748018
f306,2026-05-26 18:18,POLY,McDavid o0.5 G,NHL,MAKER,48.58,73.53,150,OPEN,,328,49.77,2026-05-27,,1.1900000000000048,
f307,2026-05-19 20:50,POLY,Mitchell o27.5,NBA,TAKER,208.01,141.57,150,WON,344.34,272,,,136.32999999999998,,6554.011826354501
f308,2026-05-22 13:55,KALSHI,Under 5.5,NHL,MAKER,490.19,445.76,200,LOST,0.0,279,,,-490.19,,-10000.0
f309,2026-05-23 20:56,KALSHI,Mahomes o1.5 TD,NFL,MAKER,29.75,52.78,200,WON,80.88,162,,,51.129999999999995,,17186.554621848736
f310,2026-05-19 14:25,POLY,Mitchell o27.5,NBA,MAKER,511.21,477.17,150,WON,973.55,280,,,462.34,,9044.032784961171
f311,2026-05-26 14:19,POLY,Over 6.5,NHL,MAKER,1410.73,1098.41,150,OPEN,,324,1539.78,2026-05-27,,129.04999999999995,
f312,2026-05-21 22:59,POLY,TOR ML,NHL,TAKER,529.99,479.52,150,LOST,0.0,334,,,-529.99,,-10000.0
f313,2026-05-18 18:01,POLY,Jokic o11.5 AST,NBA,MAKER,73.23,57.0,150,LOST,0.0,293,,,-73.23,,-10000.0
f314,2026-05-22 13:48,POLY,Over 44.5,NFL,MAKER,216.5,169.81,150,WON,380.52,128,,,164.01999999999998,,7575.981524249421
f315,2026-05-25 15:45,POLY,BOS -4.5,NBA,TAKER,72.2,48.36,150,LOST,0.0,232,,,-72.2,,-10000.0
f316,2026-05-19 17:47,KALSHI,Judge o0.5 HR,MLB,TAKER,110.5,126.0,200,LOST,0.0,263,,,-110.5,,-10000.0
f317,2026-05-22 19:50,KALSHI,Over 8.5,MLB,MAKER,346.91,335.45,200,WON,668.71,241,,,321.8,,9276.18114208296
f318,2026-05-27 13:51,POLY,Eagles +2.5,NFL,TAKER,305.9,456.63,150,OPEN,,228,252.36,2026-05-27,,-53.539999999999964,
f319,2026-05-26 21:11,KALSHI,Over 6.5,NHL,TAKER,14.88,21.22,200,LOST,0.0,246,,,-14.88,,-10000.0
f320,2026-05-24 16:30,KALSHI,LAD ML,MLB,TAKER,557.58,474.47,200,LOST,0.0,288,,,-557.58,,-10000.0
