lead_id,score,tier
L02231,1248.99,A
L08188,1248.99,A
L00708,1176.96,A
L03087,1176.96,A
L03614,1176.96,A
L03707,1176.96,A
L05504,1176.96,A
L06375,1176.96,A
L06696,1176.96,A
L06699,1176.96,A
L07154,1176.96,A
L02544,1117.99,A
L05097,1069.78,A
L05414,1069.78,A
L05872,1069.78,A
L05876,1069.78,A
L00259,1066.64,A
L03819,1066.64,A
L04844,1066.64,A
L01197,1044.21,A
L07662,1044.21,A
L01134,1043.17,A
L01600,1043.17,A
L05615,1043.17,A
L07753,1043.17,A
L09155,1043.17,A
L09671,1043.17,A
L05302,1010.98,A
L00215,1003.38,A
L00340,1003.38,A
L00365,1003.38,A
L00405,1003.38,A
L00502,1003.38,A
L00577,1003.38,A
L00953,1003.38,A
L01002,1003.38,A
L01449,1003.38,A
L01468,1003.38,A
L01474,1003.38,A
L01583,1003.38,A
L01821,1003.38,A
L02222,1003.38,A
L03030,1003.38,A
L03102,1003.38,A
L03171,1003.38,A
L03693,1003.38,A
L03766,1003.38,A
L03895,1003.38,A
L03979,1003.38,A
L04275,1003.38,A
L04644,1003.38,A
L04851,1003.38,A
L04935,1003.38,A
L05111,1003.38,A
L05189,1003.38,A
L05546,1003.38,A
L05558,1003.38,A
L05577,1003.38,A
L05667,1003.38,A
L05823,1003.38,A
L06103,1003.38,A
L06610,1003.38,A
L06754,1003.38,A
L06785,1003.38,A
L06858,1003.38,A
L07090,1003.38,A
L07230,1003.38,A
L07558,1003.38,A
L07794,1003.38,A
L07858,1003.38,A
L08022,1003.38,A
L08075,1003.38,A
L08154,1003.38,A
L08307,1003.38,A
L08424,1003.38,A
L08547,1003.38,A
L08555,1003.38,A
L08679,1003.38,A
L09101,1003.38,A
L09331,1003.38,A
L09736,1003.38,A
L09747,1003.38,A
L09451,991.84,A
L00234,981.36,A
L09504,981.36,A
L03741,972.53,A
L05866,972.53,A
L07068,972.53,A
L03358,965.18,A
L09292,965.18,A
L03899,963.03,A
L04603,963.03,A
L00329,961.92,A
L05485,961.92,A
L05720,961.92,A
L05723,961.92,A
L06812,961.92,A
L06985,961.92,A
L09440,961.92,A
L00678,951.76,A
L00967,951.76,A
L04224,951.76,A
L04383,951.76,A
L07254,951.76,A
L09226,911.49,A
L00096,909.67,A
L00657,909.67,A
L00686,909.67,A
L00908,909.67,A
L01611,909.67,A
L01678,909.67,A
L01957,909.67,A
L02241,909.67,A
L02670,909.67,A
L02917,909.67,A
L02957,909.67,A
L03445,909.67,A
L04541,909.67,A
L04852,909.67,A
L05357,909.67,A
L05392,909.67,A
L05651,909.67,A
L05903,909.67,A
L05925,909.67,A
L05999,909.67,A
L06004,909.67,A
L06071,909.67,A
L06151,909.67,A
L06197,909.67,A
L06703,909.67,A
L06801,909.67,A
L06924,909.67,A
L06992,909.67,A
L07085,909.67,A
L07155,909.67,A
L07384,909.67,A
L07471,909.67,A
L07784,909.67,A
L08077,909.67,A
L08182,909.67,A
L08203,909.67,A
L08406,909.67,A
L08476,909.67,A
L09126,909.67,A
L09489,909.67,A
L03448,898.15,A
L02533,897.25,A
L01621,895.59,A
L05629,895.59,A
L00086,886.47,A
L00294,886.47,A
L00523,886.47,A
L00536,886.47,A
L00636,886.47,A
L01044,886.47,A
L02257,886.47,A
L02467,886.47,A
L02688,886.47,A
L02797,886.47,A
L02877,886.47,A
L03942,886.47,A
L04045,886.47,A
L04240,886.47,A
L04268,886.47,A
L04548,886.47,A
L04560,886.47,A
L04782,886.47,A
L04839,886.47,A
L05995,886.47,A
L06255,886.47,A
L06745,886.47,A
L06892,886.47,A
L06934,886.47,A
L07046,886.47,A
L07139,886.47,A
L08541,886.47,A
L09025,886.47,A
L09221,886.47,A
L09348,886.47,A
L09369,886.47,A
L09727,886.47,A
L08857,873.36,A
L03643,871.74,A
L06917,871.74,A
L07607,871.74,A
L05263,864.84,A
L03559,858.74,A
L01035,858.46,A
L01420,858.46,A
L01998,858.46,A
L03603,858.46,A
L03829,858.46,A
L04876,858.46,A
L05243,858.46,A
L05257,858.46,A
L05396,858.46,A
L06220,858.46,A
L07325,858.46,A
L07524,858.46,A
L08755,858.46,A
L09120,858.46,A
L09139,858.46,A
L09457,858.46,A
L00176,855.74,A
L00120,852.06,A
L00167,852.06,A
L00352,852.06,A
L00510,852.06,A
L00559,852.06,A
L00574,852.06,A
L00578,852.06,A
L00589,852.06,A
L01580,852.06,A
L01970,852.06,A
L02176,852.06,A
L02930,852.06,A
L02960,852.06,A
L03110,852.06,A
L03389,852.06,A
L03542,852.06,A
L03760,852.06,A
L03816,852.06,A
L04528,852.06,A
L04736,852.06,A
L04810,852.06,A
L05025,852.06,A
L05099,852.06,A
L05343,852.06,A
L05367,852.06,A
L05407,852.06,A
L06739,852.06,A
L06943,852.06,A
L07026,852.06,A
L07105,852.06,A
L07264,852.06,A
L07281,852.06,A
L07315,852.06,A
L08103,852.06,A
L08135,852.06,A
L08538,852.06,A
L08838,852.06,A
L08868,852.06,A
L09082,852.06,A
L09454,852.06,A
L09494,852.06,A
L09684,852.06,A
L04981,847.24,A
L09748,847.24,A
L01135,846.1,A
L03557,846.1,A
L04985,846.1,A
L02293,841.82,A
L08894,841.82,A
L02784,836.32,A
L03594,836.32,A
L03994,836.32,A
L07190,836.32,A
L01593,832.71,A
L02109,832.71,A
L03641,832.71,A
L05090,832.71,A
L06221,832.71,A
L06289,832.71,A
L07520,832.71,A
L08033,832.71,A
L08237,832.71,A
L06156,829.3,A
L01054,825.05,A
L05413,825.05,A
L01063,818.67,A
L01333,818.67,A
L01713,818.67,A
L02110,818.67,A
L02405,818.67,A
L02455,818.67,A
L05117,818.67,A
L05958,818.67,A
L06884,818.67,A
L07871,818.67,A
L08021,818.67,A
L09291,818.67,A
L06020,818.49,A
L06275,818.49,A
L01172,814.53,A
L09580,814.53,A
L00944,804.39,A
L08709,804.39,A
L01954,804.11,A
L02056,804.11,A
L02240,804.11,A
L03079,804.11,A
L03274,804.11,A
L08269,804.11,A
L00181,800.25,A
L01898,800.25,A
L04871,800.25,A
L07246,800.25,A
L00382,787.59,A
L01997,787.59,A
L02534,787.59,A
L06173,787.59,A
L06677,787.59,A
L06846,787.59,A
L02319,785.67,A
L00325,784.33,A
L00754,784.33,A
L01281,784.33,A
L02941,784.33,A
L04182,784.33,A
L05165,784.33,A
L07586,784.33,A
L09683,784.33,A
L00003,765.37,A
L00184,765.37,A
L00286,765.37,A
L01053,765.37,A
L01285,765.37,A
L01346,765.37,A
L01374,765.37,A
L02169,765.37,A
L02430,765.37,A
L02553,765.37,A
L02658,765.37,A
L02929,765.37,A
L03289,765.37,A
L03476,765.37,A
L03598,765.37,A
L03640,765.37,A
L04293,765.37,A
L04410,765.37,A
L04562,765.37,A
L04702,765.37,A
L05314,765.37,A
L05386,765.37,A
L05661,765.37,A
L05714,765.37,A
L06481,765.37,A
L06612,765.37,A
L07124,765.37,A
L07285,765.37,A
L07372,765.37,A
L07715,765.37,A
L08456,765.37,A
L08522,765.37,A
L09717,765.37,A
L00703,756.02,A
L03152,756.02,A
L07020,756.02,A
L06763,752.49,A
L08644,752.49,A
L00813,748.68,A
L03013,748.68,A
L00139,744.16,A
L00380,744.16,A
L00418,744.16,A
L00932,744.16,A
L01704,744.16,A
L02372,744.16,A
L02646,744.16,A
L02940,744.16,A
L03567,744.16,A
L03732,744.16,A
L03832,744.16,A
L04336,744.16,A
L04855,744.16,A
L04934,744.16,A
L05029,744.16,A
L05461,744.16,A
L05560,744.16,A
L05727,744.16,A
L05788,744.16,A
L05846,744.16,A
L06267,744.16,A
L06880,744.16,A
L07547,744.16,A
L07674,744.16,A
L07776,744.16,A
L07800,744.16,A
L07988,744.16,A
L08279,744.16,A
L08655,744.16,A
L09566,744.16,A
L08414,741.17,A
L05183,740.05,A
L01682,739.16,A
L02277,739.16,A
L03883,739.16,A
L07378,739.16,A
L08778,739.16,A
L01658,737.76,A
L03902,737.76,A
L04204,737.76,A
L05021,737.76,A
L08199,737.76,A
L08645,737.76,A
L05289,731.04,A
L05809,731.04,A
L09013,731.04,A
L00681,726.54,A
L00719,726.54,A
L02399,726.54,A
L04302,726.54,A
L05037,726.54,A
L05536,726.54,A
L05617,726.54,A
L05830,726.54,A
L06348,726.54,A
L07345,726.54,A
L08230,726.54,A
L09375,726.54,A
L09379,726.54,A
L09556,726.54,A
L09642,726.54,A
L00010,718.67,A
L00738,718.67,A
L01703,718.67,A
L02888,718.67,A
L03185,718.67,A
L03704,718.67,A
L04367,718.67,A
L04453,718.67,A
L04612,718.67,A
L04701,718.67,A
L04749,718.67,A
L04777,718.67,A
L04900,718.67,A
L05197,718.67,A
L05902,718.67,A
L06224,718.67,A
L06246,718.67,A
L06258,718.67,A
L06436,718.67,A
L06849,718.67,A
L06889,718.67,A
L07556,718.67,A
L08613,718.67,A
L09070,718.67,A
L09142,718.67,A
L01563,717.31,B
L00557,716.61,B
L01584,716.61,B
L05402,716.61,B
L05689,716.61,B
L06147,716.61,B
L07027,716.61,B
L07883,716.61,B
L07454,716.2,B
L00060,711.6,B
L01598,711.6,B
L05492,711.6,B
L06444,711.6,B
L00323,707.19,B
L01886,707.19,B
L01996,707.19,B
L02269,707.19,B
L02341,707.19,B
L02442,707.19,B
L02539,707.19,B
L02574,707.19,B
L02575,707.19,B
L02855,707.19,B
L03740,707.19,B
L04609,707.19,B
L05016,707.19,B
L05655,707.19,B
L05810,707.19,B
L06131,707.19,B
L06249,707.19,B
L06900,707.19,B
L07014,707.19,B
L09644,707.19,B
L04941,703.59,B
L00166,703.23,B
L05991,703.23,B
L00137,695.37,B
L00966,695.37,B
L01019,695.37,B
L03386,695.37,B
L06039,695.37,B
L09218,695.37,B
L09413,695.37,B
L02314,689.67,B
L07044,689.67,B
L09516,689.67,B
L00320,688.45,B
L00889,688.45,B
L01966,688.45,B
L03242,688.45,B
L09170,688.45,B
L01367,686.7,B
L03631,686.7,B
L07466,686.7,B
L09304,686.7,B
L00715,682.7,B
L01161,682.7,B
L01527,682.7,B
L01562,682.7,B
L04791,682.7,B
L06630,682.7,B
L07824,682.7,B
L08801,682.7,B
L00190,676.11,B
L00300,676.11,B
L01400,676.11,B
L01438,676.11,B
L01579,676.11,B
L04688,676.11,B
L04878,676.11,B
L05344,676.11,B
L05828,676.11,B
L06090,676.11,B
L07142,676.11,B
L07272,676.11,B
L07508,676.11,B
L07596,676.11,B
L07801,676.11,B
L07936,676.11,B
L08418,676.11,B
L08479,676.11,B
L08860,676.11,B
L09519,676.11,B
L02305,674.07,B
L03356,674.07,B
L01867,673.36,B
L02967,670.91,B
L06378,670.91,B
L00372,665.21,B
L00453,665.21,B
L00457,665.21,B
L00499,665.21,B
L00804,665.21,B
L01013,665.21,B
L01538,665.21,B
L02030,665.21,B
L02195,665.21,B
L02316,665.21,B
L02532,665.21,B
L02726,665.21,B
L02752,665.21,B
L02769,665.21,B
L02858,665.21,B
L03089,665.21,B
L03093,665.21,B
L03103,665.21,B
L03219,665.21,B
L03427,665.21,B
L03692,665.21,B
L03727,665.21,B
L03934,665.21,B
L04520,665.21,B
L04758,665.21,B
L04806,665.21,B
L04809,665.21,B
L04826,665.21,B
L04847,665.21,B
L04939,665.21,B
L05091,665.21,B
L05093,665.21,B
L05207,665.21,B
L05295,665.21,B
L05353,665.21,B
L05783,665.21,B
L06063,665.21,B
L06153,665.21,B
L06288,665.21,B
L06296,665.21,B
L06890,665.21,B
L06906,665.21,B
L07025,665.21,B
L07146,665.21,B
L07354,665.21,B
L07458,665.21,B
L07465,665.21,B
L07885,665.21,B
L07906,665.21,B
L08223,665.21,B
L08258,665.21,B
L08385,665.21,B
L08819,665.21,B
L09217,665.21,B
L09262,665.21,B
L09350,665.21,B
L09629,665.21,B
L07343,664.29,B
L03953,662.91,B
L05152,662.91,B
L05941,662.91,B
L06474,662.91,B
L07605,662.91,B
L07807,662.91,B
L08536,662.91,B
L07311,661.61,B
L06008,653.03,B
L00985,652.15,B
L06668,652.15,B
L02408,651.98,B
L06594,651.98,B
L01819,651.89,B
L02510,651.89,B
L03350,651.89,B
L04776,651.89,B
L05011,651.89,B
L08027,651.89,B
L09315,651.89,B
L00977,650.64,B
L00074,643.56,B
L08162,643.56,B
L08274,643.56,B
L04722,640.08,B
L00459,638.59,B
L08260,638.59,B
L07632,634.76,B
L01269,631.76,B
L07381,630.21,B
L08106,630.21,B
L02624,628.22,B
L04735,628.22,B
L06566,628.22,B
L05293,627.04,B
L02245,626.82,B
L09213,626.82,B
L03206,625.31,B
L05500,625.31,B
L08797,625.31,B
L08923,625.31,B
L08927,625.31,B
L09270,625.31,B
L09313,625.31,B
L09255,619.99,B
L01023,617.98,B
L02987,617.98,B
L03097,617.98,B
L09119,617.98,B
L04096,616.62,B
L04426,616.62,B
L05898,616.62,B
L06479,616.62,B
L06988,616.62,B
L07411,616.62,B
L07805,616.62,B
L07952,616.62,B
L08183,616.62,B
L09023,616.62,B
L09266,616.62,B
L00501,611.67,B
L03875,611.67,B
L01016,610.42,B
L01164,610.42,B
L01731,610.42,B
L03485,610.42,B
L05176,610.42,B
L05208,610.42,B
L07643,610.42,B
L09288,610.42,B
L09749,610.42,B
L00001,607.91,B
L00310,607.91,B
L01653,607.91,B
L01748,607.91,B
L02485,607.91,B
L03346,607.91,B
L03435,607.91,B
L03440,607.91,B
L03451,607.91,B
L03830,607.91,B
L04077,607.91,B
L04781,607.91,B
L05545,607.91,B
L07170,607.91,B
L07488,607.91,B
L07881,607.91,B
L08034,607.91,B
L08053,607.91,B
L08172,607.91,B
L08249,607.91,B
L08832,607.91,B
L09297,607.91,B
L03338,606.57,B
L05405,606.57,B
L09638,606.57,B
L00922,605.2,B
L00330,602.01,B
L09686,601.73,B
L00101,600.49,B
L00757,600.49,B
L01744,600.49,B
L01820,600.49,B
L01823,600.49,B
L01861,600.49,B
L02287,600.49,B
L02330,600.49,B
L02410,600.49,B
L02942,600.49,B
L02974,600.49,B
L03263,600.49,B
L03343,600.49,B
L05108,600.49,B
L05145,600.49,B
L05775,600.49,B
L06113,600.49,B
L06171,600.49,B
L06328,600.49,B
L06572,600.49,B
L06904,600.49,B
L08023,600.49,B
L08058,600.49,B
L08206,600.49,B
L09273,600.49,B
L09647,600.49,B
L04406,600.21,B
L07474,600.21,B
L05904,599.54,B
L08648,599.52,B
L01576,595.86,B
L01881,595.86,B
L04832,595.86,B
L00710,592.77,B
L01437,592.77,B
L01457,592.77,B
L01617,592.77,B
L01802,592.77,B
L01824,592.77,B
L02011,592.77,B
L02232,592.77,B
L02601,592.77,B
L03298,592.77,B
L03522,592.77,B
L03805,592.77,B
L04352,592.77,B
L05803,592.77,B
L06561,592.77,B
L07292,592.77,B
L08650,592.77,B
L08865,592.77,B
L08959,592.77,B
L09450,592.77,B
L04211,591.71,B
L07172,591.71,B
L07970,591.71,B
L03689,591.61,B
L00882,585.39,B
L04866,585.39,B
L08440,585.39,B
L00081,583.41,B
L00231,583.41,B
L00346,583.41,B
L00368,583.41,B
L01477,583.41,B
L01659,583.41,B
L02453,583.41,B
L03845,583.41,B
L04870,583.41,B
L05360,583.41,B
L05880,583.41,B
L06747,583.41,B
L07394,583.41,B
L07777,583.41,B
L00034,578.61,B
L00277,578.61,B
L00337,578.61,B
L00342,578.61,B
L00421,578.61,B
L00787,578.61,B
L01112,578.61,B
L01251,578.61,B
L01711,578.61,B
L01714,578.61,B
L01844,578.61,B
L01979,578.61,B
L02384,578.61,B
L02924,578.61,B
L02969,578.61,B
L03862,578.61,B
L04059,578.61,B
L04137,578.61,B
L04288,578.61,B
L05304,578.61,B
L05489,578.61,B
L05597,578.61,B
L05944,578.61,B
L06132,578.61,B
L07157,578.61,B
L07200,578.61,B
L07340,578.61,B
L07769,578.61,B
L08723,578.61,B
L09054,578.61,B
L09153,578.61,B
L09394,578.61,B
L09527,578.61,B
L01518,577.34,B
L06676,577.34,B
L02868,574.1,B
L05299,574.1,B
L06993,574.1,B
L07739,574.1,B
L08876,574.1,B
L01362,573.42,B
L09058,573.42,B
L02732,572.29,B
L06295,572.29,B
L06882,572.29,B
L07346,572.29,B
L09281,572.29,B
L09680,568.65,B
L04341,568.0,B
L07500,568.0,B
L00065,567.79,B
L00440,567.79,B
L01766,567.79,B
L02333,567.79,B
L02635,567.79,B
L04009,567.79,B
L04149,567.79,B
L04588,567.79,B
L04713,567.79,B
L05507,567.79,B
L06868,567.79,B
L07429,567.79,B
L07571,567.79,B
L07997,567.79,B
L09387,567.79,B
L09459,567.79,B
L09533,567.79,B
L01008,565.72,B
L00158,565.65,B
L00254,565.65,B
L00289,565.65,B
L00518,565.65,B
L00583,565.65,B
L00714,565.65,B
L01067,565.65,B
L01165,565.65,B
L01175,565.65,B
L01404,565.65,B
L02322,565.65,B
L03363,565.65,B
L03529,565.65,B
L03811,565.65,B
L03972,565.65,B
L04355,565.65,B
L04521,565.65,B
L04877,565.65,B
L05195,565.65,B
L05324,565.65,B
L05465,565.65,B
L05816,565.65,B
L06096,565.65,B
L06217,565.65,B
L06887,565.65,B
L07073,565.65,B
L07279,565.65,B
L07316,565.65,B
L07733,565.65,B
L08581,565.65,B
L08594,565.65,B
L08735,565.65,B
L09117,565.65,B
L09441,565.65,B
L09682,565.65,B
L09724,565.65,B
L09732,565.65,B
L05997,564.76,B
L05837,563.25,B
L07564,561.44,B
L00052,558.25,B
L00298,558.25,B
L00450,558.25,B
L00600,558.25,B
L00680,558.25,B
L00857,558.25,B
L00993,558.25,B
L01539,558.25,B
L02111,558.25,B
L02636,558.25,B
L04089,558.25,B
L05460,558.25,B
L05717,558.25,B
L05893,558.25,B
L05933,558.25,B
L06025,558.25,B
L06079,558.25,B
L06410,558.25,B
L06419,558.25,B
L06616,558.25,B
L06931,558.25,B
L06998,558.25,B
L07185,558.25,B
L07538,558.25,B
L07711,558.25,B
L08074,558.25,B
L08618,558.25,B
L08895,558.25,B
L09301,558.25,B
L09435,558.25,B
L09721,558.25,B
L02711,557.13,B
L01325,556.1,B
L02268,556.1,B
L02436,556.1,B
L02444,556.1,B
L02594,556.1,B
L03163,556.1,B
L03575,556.1,B
L04196,556.1,B
L04653,556.1,B
L04902,556.1,B
L05043,556.1,B
L05741,556.1,B
L06141,556.1,B
L06528,556.1,B
L06619,556.1,B
L07335,556.1,B
L07521,556.1,B
L07980,556.1,B
L08292,556.1,B
L00448,552.6,B
L00528,552.6,B
L00530,552.6,B
L00568,552.6,B
L00613,552.6,B
L00950,552.6,B
L00997,552.6,B
L01010,552.6,B
L01345,552.6,B
L01610,552.6,B
L02743,552.6,B
L02988,552.6,B
L03292,552.6,B
L03590,552.6,B
L03623,552.6,B
L03851,552.6,B
L04377,552.6,B
L04533,552.6,B
L04652,552.6,B
L04678,552.6,B
L05305,552.6,B
L05575,552.6,B
L05722,552.6,B
L06475,552.6,B
L07245,552.6,B
L07439,552.6,B
L07533,552.6,B
L07664,552.6,B
L07701,552.6,B
L07717,552.6,B
L07870,552.6,B
L07973,552.6,B
L08345,552.6,B
L09150,552.6,B
L09192,552.6,B
L09296,552.6,B
L04435,552.17,B
L09278,549.8,B
L00073,546.57,B
L00134,546.57,B
L00147,546.57,B
L00473,546.57,B
L00545,546.57,B
L00637,546.57,B
L00676,546.57,B
L00781,546.57,B
L00988,546.57,B
L01118,546.57,B
L01660,546.57,B
L01681,546.57,B
L01779,546.57,B
L01981,546.57,B
L02449,546.57,B
L02768,546.57,B
L03414,546.57,B
L04645,546.57,B
L05000,546.57,B
L05026,546.57,B
L05564,546.57,B
L05712,546.57,B
L06301,546.57,B
L06501,546.57,B
L06555,546.57,B
L06671,546.57,B
L06920,546.57,B
L07015,546.57,B
L07337,546.57,B
L07388,546.57,B
L08000,546.57,B
L08129,546.57,B
L08578,546.57,B
L08692,546.57,B
L08736,546.57,B
L08953,546.57,B
L08970,546.57,B
L09090,546.57,B
L09391,546.57,B
L09480,546.57,B
L09640,546.57,B
L09762,540.26,B
L02580,538.99,B
L04595,535.02,B
L00722,534.18,B
L01513,534.18,B
L04098,534.18,B
L06460,534.18,B
L06633,534.18,B
L06850,534.18,B
L07058,534.18,B
L08610,534.18,B
L08689,534.18,B
L08926,534.18,B
L09554,534.18,B
L09746,534.18,B
L00833,533.39,B
L04514,533.39,B
L08565,533.39,B
L08707,533.39,B
L00319,530.3,B
L00905,530.3,B
L01436,530.3,B
L02005,530.3,B
L02265,530.3,B
L02599,530.3,B
L02938,530.3,B
L06685,530.3,B
L06912,530.3,B
L07112,530.3,B
L07426,530.3,B
L08024,530.3,B
L09195,530.3,B
L06018,524.65,B
L06796,524.65,B
L02126,522.18,B
L02922,522.18,B
L03226,522.18,B
L05673,522.18,B
L06110,522.18,B
L02564,520.16,B
L03330,520.02,B
L04639,520.02,B
L01186,517.42,B
L02475,517.42,B
L03251,514.35,B
L02397,513.32,B
L07597,512.2,B
L00476,506.23,B
L02214,506.23,B
L03267,506.23,B
L03670,506.23,B
L07726,506.23,B
L09287,506.23,B
L01464,504.29,B
L02738,504.29,B
L06185,504.29,B
L08487,504.29,B
L09753,504.29,B
L00019,500.98,B
L01267,500.98,B
L01899,500.98,B
L01906,500.98,B
L03259,500.98,B
L03831,500.98,B
L05418,500.98,B
L05592,500.98,B
L06125,500.98,B
L01639,500.88,B
L00624,497.36,B
L01515,497.36,B
L04119,497.36,B
L07642,497.36,B
L08303,497.36,B
L00554,493.07,B
L01485,493.07,B
L05120,493.07,B
L07609,493.07,B
L09445,493.07,B
L09618,493.07,B
L09760,493.07,B
L02008,486.92,B
L02363,486.92,B
L07778,486.92,B
L02388,484.3,B
L01282,483.69,B
L02157,483.69,B
L02706,483.69,B
L02981,483.69,B
L03080,483.69,B
L03352,483.69,B
L03723,483.69,B
L04663,483.69,B
L05203,483.69,B
L05287,483.69,B
L05862,483.69,B
L06088,483.69,B
L06608,483.69,B
L06769,483.69,B
L07075,483.69,B
L07506,483.69,B
L09207,483.69,B
L09755,483.69,B
L07008,483.19,B
L09617,483.19,B
L06682,480.31,B
L00918,477.8,B
L04259,474.79,B
L09092,474.31,B
L00189,473.2,B
L00396,473.2,B
L02414,473.2,B
L03332,473.2,B
L03780,473.2,B
L04207,473.2,B
L05771,473.2,B
L06104,473.2,B
L06568,473.2,B
L06593,473.2,B
L06672,473.2,B
L08776,473.2,B
L04202,471.64,B
L05265,471.64,B
L00431,471.49,B
L01833,471.49,B
L02805,471.49,B
L03105,471.49,B
L03636,471.49,B
L03718,471.49,B
L03725,471.49,B
L03987,471.49,B
L05042,471.49,B
L05177,471.49,B
L05301,471.49,B
L05388,471.49,B
L05522,471.49,B
L05852,471.49,B
L05910,471.49,B
L06238,471.49,B
L06326,471.49,B
L06613,471.49,B
L07052,471.49,B
L07114,471.49,B
L07205,471.49,B
L07233,471.49,B
L07259,471.49,B
L07591,471.49,B
L07759,471.49,B
L07994,471.49,B
L08002,471.49,B
L08079,471.49,B
L08180,471.49,B
L08312,471.49,B
L08441,471.49,B
L08661,471.49,B
L09163,471.49,B
L00237,467.05,B
L01481,467.05,B
L04134,467.05,B
L06922,467.05,B
L06983,467.05,B
L01928,467.04,B
L05642,467.04,B
L06864,467.04,B
L00471,466.3,B
L01027,466.3,B
L02827,466.3,B
L06982,466.3,B
L08149,466.07,B
L04201,465.94,B
L05578,465.94,B
L02031,462.5,B
L00288,462.2,B
L03682,462.2,B
L04417,462.2,B
L04430,462.2,B
L04474,462.2,B
L07338,462.2,B
L07703,462.2,B
L08092,462.2,B
L08101,462.2,B
L08285,462.2,B
L08401,462.2,B
L08408,462.2,B
L08437,462.2,B
L08659,462.2,B
L08760,462.2,B
L09145,462.2,B
L00547,461.6,B
L00621,461.6,B
L00718,461.6,B
L00836,461.6,B
L00868,461.6,B
L00874,461.6,B
L00992,461.6,B
L01318,461.6,B
L01369,461.6,B
L01755,461.6,B
L01857,461.6,B
L01862,461.6,B
L01988,461.6,B
L02094,461.6,B
L02402,461.6,B
L02659,461.6,B
L02704,461.6,B
L03006,461.6,B
L03151,461.6,B
L03467,461.6,B
L03509,461.6,B
L03540,461.6,B
L04145,461.6,B
L04566,461.6,B
L05384,461.6,B
L05480,461.6,B
L05737,461.6,B
L05764,461.6,B
L06076,461.6,B
L06142,461.6,B
L06227,461.6,B
L06287,461.6,B
L06536,461.6,B
L06675,461.6,B
L06691,461.6,B
L06738,461.6,B
L06909,461.6,B
L07036,461.6,B
L07173,461.6,B
L07434,461.6,B
L07690,461.6,B
L07727,461.6,B
L07811,461.6,B
L08003,461.6,B
L08189,461.6,B
L08242,461.6,B
L08438,461.6,B
L08685,461.6,B
L08982,461.6,B
L09339,461.6,B
L09460,461.6,B
L07215,460.84,B
L07985,460.84,B
L01476,460.18,B
L06836,460.18,B
L04334,459.12,B
L00027,454.02,B
L00145,454.02,B
L00264,454.02,B
L00307,454.02,B
L00743,454.02,B
L00911,454.02,B
L01230,454.02,B
L01652,454.02,B
L01675,454.02,B
L01807,454.02,B
L01934,454.02,B
L02024,454.02,B
L02707,454.02,B
L03083,454.02,B
L03365,454.02,B
L03678,454.02,B
L03923,454.02,B
L03940,454.02,B
L04384,454.02,B
L04769,454.02,B
L04954,454.02,B
L05613,454.02,B
L05849,454.02,B
L05926,454.02,B
L06084,454.02,B
L06133,454.02,B
L06200,454.02,B
L06491,454.02,B
L06496,454.02,B
L06596,454.02,B
L06625,454.02,B
L07240,454.02,B
L07266,454.02,B
L07416,454.02,B
L07486,454.02,B
L07523,454.02,B
L07694,454.02,B
L08007,454.02,B
L08187,454.02,B
L08359,454.02,B
L08444,454.02,B
L08562,454.02,B
L08987,454.02,B
L09008,454.02,B
L09019,454.02,B
L09097,454.02,B
L09246,454.02,B
L09302,454.02,B
L09351,454.02,B
L09399,454.02,B
L09735,454.02,B
L01503,453.07,C
L01740,453.07,C
L02424,453.07,C
L03186,453.07,C
L07779,453.07,C
L08324,453.07,C
L00867,449.86,C
L01192,449.86,C
L09310,449.86,C
L00059,447.44,C
L00339,447.44,C
L00720,447.44,C
L01388,447.44,C
L01490,447.44,C
L02375,447.44,C
L03106,447.44,C
L04797,447.44,C
L04875,447.44,C
L06242,447.44,C
L06358,447.44,C
L06400,447.44,C
L07003,447.44,C
L07475,447.44,C
L07657,447.44,C
L08065,447.44,C
L08349,447.44,C
L08542,447.44,C
L09423,447.44,C
L09465,447.44,C
L09625,447.44,C
L05732,446.8,C
L05978,446.8,C
L06910,446.8,C
L03660,443.87,C
L04421,443.87,C
L08386,441.8,C
L02919,439.3,C
L03483,439.3,C
L02255,436.75,C
L03667,436.75,C
L03898,436.75,C
L04110,436.75,C
L04315,436.75,C
L06174,436.75,C
L06514,436.75,C
L07751,436.75,C
L08651,436.75,C
L05126,434.36,C
L06952,434.36,C
L07024,434.36,C
L07832,434.36,C
L00779,433.46,C
L01295,433.46,C
L02859,433.46,C
L04883,433.46,C
L05047,433.46,C
L05709,433.46,C
L06979,433.46,C
L07094,433.46,C
L07767,433.46,C
L08107,433.46,C
L08611,433.46,C
L09591,433.46,C
L09756,433.46,C
L02188,433.43,C
L05789,432.41,C
L03767,431.5,C
L08874,431.26,C
L00630,430.15,C
L02392,430.15,C
L03055,430.15,C
L03601,430.15,C
L07566,430.15,C
L07672,430.15,C
L08713,430.15,C
L09087,430.15,C
L00892,428.67,C
L04710,428.67,C
L07376,428.67,C
L09121,428.67,C
L00257,428.17,C
L00410,428.17,C
L00860,428.17,C
L02566,428.17,C
L02865,428.17,C
L04065,428.17,C
L04674,428.17,C
L04740,428.17,C
L05238,428.17,C
L07194,428.17,C
L07422,428.17,C
L08038,428.17,C
L08433,428.17,C
L09024,428.17,C
L09036,428.17,C
L09552,428.17,C
L09573,428.17,C
L01523,426.76,C
L06526,426.76,C
L03051,423.24,C
L08146,423.24,C
L01648,423.0,C
L05300,423.0,C
L07477,423.0,C
L08405,423.0,C
L08746,423.0,C
L09190,423.0,C
L09381,423.0,C
L09498,423.0,C
L04055,422.63,C
L00862,417.65,C
L04114,414.27,C
L00411,413.55,C
L00620,413.55,C
L03421,413.55,C
L03901,413.55,C
L04396,413.55,C
L04416,413.55,C
L04676,413.55,C
L04863,413.55,C
L05258,413.55,C
L06791,413.55,C
L08253,413.55,C
L09177,413.55,C
L09336,413.55,C
L00353,413.23,C
L01232,413.23,C
L01805,413.23,C
L01922,413.23,C
L01962,413.23,C
L02118,413.23,C
L02672,413.23,C
L02793,413.23,C
L03405,413.23,C
L03669,413.23,C
L04458,413.23,C
L04708,413.23,C
L04788,413.23,C
L05579,413.23,C
L07713,413.23,C
L08081,413.23,C
L00682,412.39,C
L00541,409.7,C
L01064,409.7,C
L01929,409.7,C
L02811,409.7,C
L05583,409.7,C
L05585,409.7,C
L06302,409.7,C
L07028,409.7,C
L08427,409.7,C
L02428,408.99,C
L03840,408.99,C
L08096,408.99,C
L00136,405.25,C
L01497,405.25,C
L01892,405.25,C
L02933,405.25,C
L03257,405.25,C
L04755,405.25,C
L05187,405.25,C
L06180,405.25,C
L07941,405.25,C
L09503,405.25,C
L02420,402.25,C
L00049,402.18,C
L03434,402.18,C
L04594,402.18,C
L04696,402.18,C
L05519,402.18,C
L06509,402.18,C
L07330,402.18,C
L08025,402.18,C
L08897,402.18,C
L09136,402.18,C
L00381,397.28,C
L06639,396.69,C
L00292,395.0,C
L06969,395.0,C
L01427,394.97,C
L00124,390.55,C
L00239,390.55,C
L00306,390.55,C
L00532,390.55,C
L01226,390.55,C
L01793,390.55,C
L01983,390.55,C
L02138,390.55,C
L02206,390.55,C
L02526,390.55,C
L03040,390.55,C
L03303,390.55,C
L03506,390.55,C
L03586,390.55,C
L03751,390.55,C
L03800,390.55,C
L04565,390.55,C
L04598,390.55,C
L05974,390.55,C
L06112,390.55,C
L06970,390.55,C
L07177,390.55,C
L07178,390.55,C
L07306,390.55,C
L07399,390.55,C
L07577,390.55,C
L08582,390.55,C
L09051,390.55,C
L09509,390.55,C
L09539,390.55,C
L00008,389.85,C
L00556,389.85,C
L00928,389.85,C
L01366,389.85,C
L02431,389.85,C
L02920,389.85,C
L03668,389.85,C
L07644,387.31,C
L08862,387.31,C
L09229,387.31,C
L02370,386.15,C
L06276,386.15,C
L00493,385.42,C
L01157,385.42,C
L01314,385.42,C
L01880,385.42,C
L02218,385.42,C
L02435,385.42,C
L04948,385.42,C
L02264,381.77,C
L02928,381.77,C
L03457,381.77,C
L03744,381.77,C
L04824,381.77,C
L05621,381.77,C
L06007,381.77,C
L07349,381.77,C
L08478,381.77,C
L01836,381.07,C
L02910,381.07,C
L03133,381.07,C
L06881,381.07,C
L08321,381.07,C
L00593,380.59,C
L07706,380.59,C
L00318,376.1,C
L04534,376.1,C
L08241,374.5,C
L04176,370.81,C
L04340,370.81,C
L07294,370.81,C
L09096,370.81,C
L02329,369.95,C
L01544,367.48,C
L00045,365.79,C
L01141,365.79,C
L01328,365.79,C
L01834,365.79,C
L04225,365.79,C
L05523,365.79,C
L05825,365.79,C
L06431,365.79,C
L08039,365.79,C
L09128,365.79,C
L09241,365.79,C
L09687,365.79,C
L00168,364.1,C
L01144,364.1,C
L01294,364.1,C
L01671,364.1,C
L02078,364.1,C
L02817,364.1,C
L03142,364.1,C
L03749,364.1,C
L04036,364.1,C
L04103,364.1,C
L04555,364.1,C
L04617,364.1,C
L05378,364.1,C
L06136,364.1,C
L06588,364.1,C
L07136,364.1,C
L07516,364.1,C
L07612,364.1,C
L08104,364.1,C
L08493,364.1,C
L08624,364.1,C
L08654,364.1,C
L08690,364.1,C
L08916,364.1,C
L03949,362.15,C
L02029,359.25,C
L02723,359.25,C
L02934,359.25,C
L03835,359.25,C
L04704,359.25,C
L04921,359.25,C
L05157,359.25,C
L06994,359.25,C
L08040,359.25,C
L08273,359.25,C
L00244,358.69,C
L00247,358.69,C
L00255,358.69,C
L00533,358.69,C
L00644,358.69,C
L00705,358.69,C
L00753,358.69,C
L00838,358.69,C
L00930,358.69,C
L00938,358.69,C
L00949,358.69,C
L01029,358.69,C
L01284,358.69,C
L01341,358.69,C
L01531,358.69,C
L01581,358.69,C
L01754,358.69,C
L02071,358.69,C
L02146,358.69,C
L02468,358.69,C
L02519,358.69,C
L02921,358.69,C
L03044,358.69,C
L03296,358.69,C
L03514,358.69,C
L03564,358.69,C
L03599,358.69,C
L03648,358.69,C
L03974,358.69,C
L04052,358.69,C
L04133,358.69,C
L04144,358.69,C
L04184,358.69,C
L04312,358.69,C
L04319,358.69,C
L05074,358.69,C
L05646,358.69,C
L05650,358.69,C
L05842,358.69,C
L05890,358.69,C
L05894,358.69,C
L06047,358.69,C
L06210,358.69,C
L06297,358.69,C
L06320,358.69,C
L06642,358.69,C
L07342,358.69,C
L07352,358.69,C
L07392,358.69,C
L07831,358.69,C
L07909,358.69,C
L08390,358.69,C
L08453,358.69,C
L08569,358.69,C
L08737,358.69,C
L08911,358.69,C
L09201,358.69,C
L09395,358.69,C
L09582,358.69,C
L09649,358.69,C
L09672,358.69,C
L06666,358.67,C
L00214,356.17,C
L04641,356.17,C
L07443,356.17,C
L07732,356.17,C
L09367,356.17,C
L00803,354.13,C
L04569,354.13,C
L06945,354.13,C
L01130,354.12,C
L01806,354.12,C
L02205,354.12,C
L02336,354.12,C
L02673,354.12,C
L02770,354.12,C
L02946,354.12,C
L03052,354.12,C
L03054,354.12,C
L03538,354.12,C
L03904,354.12,C
L04260,354.12,C
L04419,354.12,C
L04988,354.12,C
L05761,354.12,C
L06329,354.12,C
L06957,354.12,C
L07111,354.12,C
L07116,354.12,C
L07256,354.12,C
L07356,354.12,C
L07557,354.12,C
L08566,354.12,C
L08665,354.12,C
L08942,354.12,C
L09111,354.12,C
L09264,354.12,C
L09560,354.12,C
L09733,354.12,C
L02139,353.13,C
L00436,352.07,C
L00692,352.07,C
L01484,352.07,C
L01536,352.07,C
L01625,352.07,C
L01690,352.07,C
L02131,352.07,C
L02425,352.07,C
L02514,352.07,C
L03288,352.07,C
L03461,352.07,C
L03859,352.07,C
L04017,352.07,C
L04066,352.07,C
L04090,352.07,C
L04492,352.07,C
L04610,352.07,C
L04673,352.07,C
L04780,352.07,C
L05521,352.07,C
L05614,352.07,C
L06209,352.07,C
L06421,352.07,C
L06471,352.07,C
L07359,352.07,C
L07377,352.07,C
L07804,352.07,C
L08928,352.07,C
L09417,352.07,C
L09715,352.07,C
L00112,351.16,C
L00964,351.16,C
L01448,351.16,C
L03294,351.16,C
L05151,351.16,C
L05540,351.16,C
L06445,351.16,C
L07300,351.16,C
L08693,351.16,C
L09216,351.16,C
L01677,350.48,C
L02047,350.48,C
L02509,350.48,C
L02954,350.48,C
L03235,350.48,C
L04790,350.48,C
L06250,350.48,C
L08051,350.48,C
L09329,350.48,C
L03995,350.06,C
L01372,349.69,C
L07201,349.69,C
L07992,349.69,C
L08041,349.69,C
L08628,349.69,C
L09477,349.69,C
L01187,348.38,C
L01275,347.64,C
L06652,347.64,C
L09415,347.64,C
L00090,346.6,C
L02098,346.6,C
L04431,346.6,C
L07001,346.6,C
L07293,346.6,C
L00199,346.55,C
L00664,346.55,C
L00675,346.55,C
L01358,346.55,C
L02340,346.55,C
L03234,346.55,C
L03907,346.55,C
L04433,346.55,C
L04455,346.55,C
L04796,346.55,C
L04927,346.55,C
L05075,346.55,C
L05881,346.55,C
L07126,346.55,C
L07199,346.55,C
L07476,346.55,C
L07782,346.55,C
L08517,346.55,C
L08905,346.55,C
L08981,346.55,C
L09156,346.55,C
L09458,346.55,C
L04789,345.83,C
L01501,345.76,C
L02690,345.76,C
L03129,345.76,C
L05186,345.76,C
L05529,345.76,C
L06984,345.76,C
L08530,345.76,C
L08835,345.76,C
L00345,345.44,C
L02080,345.44,C
L02505,345.44,C
L01183,343.98,C
L01392,343.98,C
L01642,343.98,C
L02949,343.98,C
L03364,343.98,C
L04631,343.98,C
L05132,343.98,C
L05143,343.98,C
L08399,343.98,C
L08687,343.98,C
L09109,343.98,C
L09620,343.98,C
L03654,341.29,C
L02582,336.65,C
L03872,336.65,C
L06492,336.65,C
L06778,336.65,C
L07371,336.65,C
L09512,336.65,C
L09709,336.65,C
L01086,334.04,C
L07604,334.04,C
L08771,334.04,C
L06423,332.26,C
L03426,332.24,C
L00113,331.78,C
L01169,331.78,C
L01739,331.78,C
L01915,331.78,C
L02289,331.78,C
L02542,331.78,C
L03366,331.78,C
L04923,331.78,C
L05190,331.78,C
L05952,331.78,C
L06161,331.78,C
L06458,331.78,C
L08504,331.78,C
L09049,331.78,C
L09472,331.78,C
L00117,331.54,C
L00203,331.54,C
L00281,331.54,C
L00302,331.54,C
L00875,331.54,C
L01024,331.54,C
L01619,331.54,C
L01799,331.54,C
L01944,331.54,C
L02448,331.54,C
L02550,331.54,C
L02945,331.54,C
L03583,331.54,C
L03863,331.54,C
L03909,331.54,C
L03960,331.54,C
L04112,331.54,C
L04239,331.54,C
L04869,331.54,C
L04906,331.54,C
L05390,331.54,C
L05975,331.54,C
L06293,331.54,C
L06330,331.54,C
L06497,331.54,C
L06978,331.54,C
L07019,331.54,C
L07444,331.54,C
L08082,331.54,C
L08090,331.54,C
L08409,331.54,C
L08795,331.54,C
L09276,331.54,C
L00896,329.21,C
L01217,329.21,C
L01552,329.21,C
L04277,329.21,C
L08340,329.21,C
L08387,329.21,C
L08482,329.21,C
L00012,328.0,C
L00122,328.0,C
L00299,328.0,C
L00439,328.0,C
L00775,328.0,C
L00828,328.0,C
L00842,328.0,C
L00894,328.0,C
L00951,328.0,C
L00973,328.0,C
L01039,328.0,C
L01417,328.0,C
L01541,328.0,C
L01555,328.0,C
L01573,328.0,C
L02067,328.0,C
L02106,328.0,C
L02465,328.0,C
L02482,328.0,C
L02606,328.0,C
L02631,328.0,C
L02815,328.0,C
L02853,328.0,C
L02854,328.0,C
L03412,328.0,C
L03493,328.0,C
L03524,328.0,C
L03673,328.0,C
L03918,328.0,C
L04069,328.0,C
L04167,328.0,C
L04188,328.0,C
L04354,328.0,C
L04418,328.0,C
L04658,328.0,C
L04677,328.0,C
L04813,328.0,C
L04815,328.0,C
L05173,328.0,C
L05280,328.0,C
L05351,328.0,C
L05459,328.0,C
L05593,328.0,C
L05611,328.0,C
L05979,328.0,C
L06009,328.0,C
L06062,328.0,C
L06234,328.0,C
L06408,328.0,C
L06504,328.0,C
L06623,328.0,C
L06669,328.0,C
L06950,328.0,C
L07148,328.0,C
L07497,328.0,C
L07676,328.0,C
L07833,328.0,C
L07959,328.0,C
L08568,328.0,C
L08784,328.0,C
L08790,328.0,C
L08823,328.0,C
L09071,328.0,C
L09469,328.0,C
L00516,323.28,C
L00761,323.28,C
L00814,323.28,C
L01548,323.28,C
L02006,323.28,C
L02027,323.28,C
L02716,323.28,C
L03131,323.28,C
L03700,323.28,C
L04480,323.28,C
L05103,323.28,C
L05787,323.28,C
L05883,323.28,C
L06372,323.28,C
L06503,323.28,C
L06515,323.28,C
L07489,323.28,C
L07697,323.28,C
L07816,323.28,C
L08451,323.28,C
L08512,323.28,C
L08867,323.28,C
L09157,323.28,C
L09402,323.28,C
L09685,323.28,C
L08839,322.0,C
L00586,321.34,C
L03222,321.34,C
L06762,321.34,C
L07162,321.34,C
L08893,321.34,C
L00527,320.61,C
L00728,320.61,C
L00788,320.61,C
L00790,320.61,C
L00792,320.61,C
L01181,320.61,C
L01204,320.61,C
L01386,320.61,C
L01487,320.61,C
L01494,320.61,C
L01879,320.61,C
L02597,320.61,C
L02764,320.61,C
L03293,320.61,C
L03439,320.61,C
L03479,320.61,C
L03512,320.61,C
L03515,320.61,C
L03855,320.61,C
L04278,320.61,C
L04327,320.61,C
L04586,320.61,C
L05002,320.61,C
L05272,320.61,C
L05362,320.61,C
L05930,320.61,C
L05945,320.61,C
L06271,320.61,C
L06772,320.61,C
L07084,320.61,C
L07163,320.61,C
L07227,320.61,C
L07688,320.61,C
L07746,320.61,C
L08060,320.61,C
L08534,320.61,C
L08561,320.61,C
L09473,320.61,C
L09583,320.61,C
L09653,320.61,C
L09668,320.61,C
L00236,318.74,C
L00315,318.74,C
L00454,318.74,C
L00563,318.74,C
L00677,318.74,C
L00702,318.74,C
L00903,318.74,C
L01163,318.74,C
L01216,318.74,C
L01308,318.74,C
L01553,318.74,C
L01742,318.74,C
L01810,318.74,C
L02217,318.74,C
L02404,318.74,C
L02445,318.74,C
L02538,318.74,C
L02581,318.74,C
L02756,318.74,C
L02848,318.74,C
L02850,318.74,C
L02895,318.74,C
L03095,318.74,C
L03250,318.74,C
L03297,318.74,C
L03607,318.74,C
L03635,318.74,C
L03916,318.74,C
L04010,318.74,C
L04272,318.74,C
L04279,318.74,C
L04700,318.74,C
L04961,318.74,C
L04979,318.74,C
L05445,318.74,C
L05625,318.74,C
L05658,318.74,C
L05659,318.74,C
L05923,318.74,C
L05954,318.74,C
L06324,318.74,C
L06368,318.74,C
L06465,318.74,C
L06638,318.74,C
L06706,318.74,C
L06714,318.74,C
L06740,318.74,C
L06856,318.74,C
L06981,318.74,C
L07007,318.74,C
L07286,318.74,C
L07430,318.74,C
L07433,318.74,C
L07998,318.74,C
L08341,318.74,C
L08347,318.74,C
L08945,318.74,C
L08956,318.74,C
L09038,318.74,C
L09549,318.74,C
L00291,318.44,C
L00851,318.44,C
L01471,318.44,C
L01568,318.44,C
L01749,318.44,C
L00196,318.37,C
L01196,318.37,C
L04812,318.37,C
L05493,318.25,C
L06694,318.25,C
L00016,317.61,C
L03249,317.61,C
L04230,317.61,C
L04529,317.61,C
L08054,317.61,C
L08564,317.61,C
L02692,316.36,C
L09180,316.36,C
L00834,314.57,C
L02238,314.57,C
L02380,314.57,C
L04227,314.57,C
L04323,314.57,C
L04904,314.57,C
L05364,314.57,C
L05490,314.57,C
L06046,314.57,C
L06155,314.57,C
L06264,314.57,C
L07773,314.57,C
L08238,314.57,C
L08246,314.57,C
L08724,314.57,C
L09029,314.57,C
L09741,314.57,C
L00040,313.99,C
L00240,313.99,C
L00272,313.99,C
L00881,313.99,C
L01441,313.99,C
L01873,313.99,C
L02390,313.99,C
L02488,313.99,C
L02528,313.99,C
L02551,313.99,C
L03003,313.99,C
L03027,313.99,C
L03136,313.99,C
L03781,313.99,C
L04468,313.99,C
L04593,313.99,C
L04748,313.99,C
L05131,313.99,C
L05282,313.99,C
L05466,313.99,C
L06074,313.99,C
L06107,313.99,C
L06285,313.99,C
L06753,313.99,C
L06805,313.99,C
L06948,313.99,C
L07223,313.99,C
L08163,313.99,C
L08415,313.99,C
L08556,313.99,C
L09363,313.99,C
L04469,313.69,C
L07396,313.69,C
L07964,313.69,C
L09426,313.69,C
L00164,312.65,C
L00829,312.65,C
L01856,312.65,C
L02155,312.65,C
L02875,312.65,C
L03465,312.65,C
L03753,312.65,C
L04238,312.65,C
L04774,312.65,C
L05730,312.65,C
L06263,312.65,C
L06269,312.65,C
L06719,312.65,C
L07017,312.65,C
L07408,312.65,C
L07510,312.65,C
L08073,312.65,C
L08147,312.65,C
L08523,312.65,C
L08580,312.65,C
L08633,312.65,C
L09371,312.65,C
L03058,311.79,C
L06068,311.79,C
L03437,311.38,C
L02197,306.04,C
L08668,306.04,C
L02347,301.76,C
L06789,301.76,C
L00050,300.05,C
L02750,300.05,C
L05981,300.05,C
L00205,298.24,C
L00646,298.24,C
L01828,298.24,C
L01849,298.24,C
L02418,298.24,C
L02586,298.24,C
L02782,298.24,C
L03018,298.24,C
L04115,298.24,C
L04313,298.24,C
L05310,298.24,C
L05406,298.24,C
L06624,298.24,C
L07705,298.24,C
L08035,298.24,C
L08496,298.24,C
L08669,298.24,C
L08716,298.24,C
L09408,298.24,C
L02302,296.05,C
L03088,296.05,C
L03227,296.05,C
L05467,296.05,C
L07048,295.72,C
L08601,295.72,C
L02004,294.04,C
L02140,294.04,C
L03119,294.04,C
L02748,291.96,C
L05951,291.96,C
L07402,291.96,C
L08804,291.96,C
L00653,291.27,C
L00799,291.27,C
L09074,291.27,C
L00769,289.7,C
L01588,289.7,C
L02789,289.7,C
L04705,289.7,C
L04922,289.7,C
L06422,289.7,C
L06776,289.7,C
L08944,289.7,C
L01890,287.16,C
L07289,287.16,C
L09042,287.16,C
L08068,286.28,C
L04253,285.51,C
L07364,285.51,C
L02190,284.22,C
L03458,284.22,C
L09697,283.87,C
L02018,282.17,C
L02898,281.71,C
L04744,279.94,C
L04860,279.94,C
L07176,279.94,C
L07333,279.94,C
L00618,275.73,C
L02223,275.73,C
L05977,275.73,C
L06942,275.73,C
L09353,275.73,C
L01624,271.77,C
L09290,271.77,C
L00056,268.42,C
L00069,268.42,C
L00378,268.42,C
L00658,268.42,C
L01151,268.42,C
L01479,268.42,C
L01546,268.42,C
L01729,268.42,C
L02156,268.42,C
L02862,268.42,C
L04335,268.42,C
L04530,268.42,C
L05283,268.42,C
L05437,268.42,C
L05463,268.42,C
L05602,268.42,C
L06854,268.42,C
L06872,268.42,C
L07198,268.42,C
L07493,268.42,C
L08346,268.42,C
L09294,268.42,C
L01549,268.16,C
L02120,268.16,C
L06182,268.16,C
L04946,266.66,C
L01246,266.6,C
L05008,266.6,C
L05056,266.6,C
L09242,266.6,C
L03914,264.87,C
L05992,264.17,C
L00130,263.96,C
L00198,263.96,C
L00250,263.96,C
L00615,263.96,C
L00978,263.96,C
L01040,263.96,C
L01618,263.96,C
L02117,263.96,C
L02429,263.96,C
L02886,263.96,C
L02993,263.96,C
L04011,263.96,C
L04274,263.96,C
L04314,263.96,C
L04836,263.96,C
L05003,263.96,C
L06146,263.96,C
L07327,263.96,C
L07527,263.96,C
L07721,263.96,C
L08647,263.96,C
L09332,263.96,C
L09702,263.96,C
L01148,263.4,C
L01316,263.4,C
L01661,263.4,C
L02970,263.4,C
L05246,263.4,C
L05676,263.4,C
L07263,263.4,C
L06698,262.75,C
L00873,259.33,C
L02046,259.33,C
L03182,259.33,C
L06451,257.46,C
L04025,257.07,C
L05754,257.07,C
L08240,257.07,C
L00160,256.79,C
L00204,256.79,C
L00449,256.79,C
L00832,256.79,C
L01057,256.79,C
L01069,256.79,C
L01647,256.79,C
L01865,256.79,C
L01874,256.79,C
L02389,256.79,C
L02558,256.79,C
L02587,256.79,C
L02686,256.79,C
L02700,256.79,C
L02838,256.79,C
L02966,256.79,C
L03211,256.79,C
L03268,256.79,C
L03278,256.79,C
L03420,256.79,C
L03428,256.79,C
L03446,256.79,C
L03450,256.79,C
L03490,256.79,C
L03739,256.79,C
L03850,256.79,C
L04136,256.79,C
L04172,256.79,C
L04192,256.79,C
L04206,256.79,C
L04381,256.79,C
L04402,256.79,C
L04449,256.79,C
L04571,256.79,C
L05112,256.79,C
L05116,256.79,C
L05341,256.79,C
L05398,256.79,C
L05674,256.79,C
L05937,256.79,C
L06067,256.79,C
L06089,256.79,C
L06124,256.79,C
L06383,256.79,C
L06487,256.79,C
L06505,256.79,C
L06567,256.79,C
L06583,256.79,C
L06584,256.79,C
L06728,256.79,C
L07053,256.79,C
L07159,256.79,C
L07214,256.79,C
L07242,256.79,C
L07452,256.79,C
L07463,256.79,C
L07478,256.79,C
L07501,256.79,C
L07505,256.79,C
L07796,256.79,C
L07853,256.79,C
L08097,256.79,C
L08432,256.79,C
L08829,256.79,C
L08933,256.79,C
L09140,256.79,C
L09243,256.79,C
L09590,256.79,C
L09661,256.79,C
L09745,256.79,C
L02252,255.82,C
L07308,255.82,C
L00514,253.17,C
L00858,253.17,C
L04983,253.17,C
L05065,253.17,C
L05795,253.17,C
L05929,253.17,C
L06211,253.17,C
L09636,252.72,C
L01530,252.54,C
L04654,252.54,C
L05275,252.54,C
L07987,252.54,C
L08730,252.54,C
L08855,252.54,C
L00426,252.11,C
L00519,252.11,C
L00566,252.11,C
L00603,252.11,C
L00863,252.11,C
L01034,252.11,C
L01102,252.11,C
L01231,252.11,C
L01252,252.11,C
L01302,252.11,C
L01493,252.11,C
L01566,252.11,C
L02050,252.11,C
L02077,252.11,C
L02259,252.11,C
L02331,252.11,C
L02681,252.11,C
L02715,252.11,C
L02740,252.11,C
L03390,252.11,C
L03462,252.11,C
L03795,252.11,C
L03913,252.11,C
L04012,252.11,C
L04018,252.11,C
L04050,252.11,C
L04120,252.11,C
L04246,252.11,C
L04289,252.11,C
L04400,252.11,C
L04401,252.11,C
L04471,252.11,C
L04794,252.11,C
L04865,252.11,C
L05033,252.11,C
L05259,252.11,C
L05370,252.11,C
L05443,252.11,C
L05731,252.11,C
L05812,252.11,C
L05859,252.11,C
L06012,252.11,C
L06313,252.11,C
L06339,252.11,C
L06482,252.11,C
L06550,252.11,C
L06573,252.11,C
L06724,252.11,C
L06825,252.11,C
L06999,252.11,C
L07418,252.11,C
L07518,252.11,C
L07601,252.11,C
L07787,252.11,C
L07843,252.11,C
L07913,252.11,C
L07993,252.11,C
L08276,252.11,C
L08372,252.11,C
L08639,252.11,C
L08672,252.11,C
L09584,252.11,C
L09637,252.11,C
L01344,251.49,C
L01239,250.31,C
L01955,250.31,C
L03118,250.31,C
L06370,250.31,C
L09705,250.31,C
L00324,250.06,C
L00808,250.06,C
L01337,250.06,C
L01453,250.06,C
L01466,250.06,C
L02107,250.06,C
L02253,250.06,C
L02613,250.06,C
L03107,250.06,C
L03468,250.06,C
L04034,250.06,C
L05751,250.06,C
L06793,250.06,C
L07457,250.06,C
L09466,250.06,C
L01633,249.26,C
L04709,249.26,C
L00520,247.54,C
L00666,247.54,C
L00724,247.54,C
L00817,247.54,C
L00923,247.54,C
L02407,247.54,C
L02807,247.54,C
L02846,247.54,C
L03806,247.54,C
L04814,247.54,C
L05379,247.54,C
L05706,247.54,C
L05759,247.54,C
L05955,247.54,C
L06066,247.54,C
L06309,247.54,C
L06470,247.54,C
L06478,247.54,C
L06975,247.54,C
L07160,247.54,C
L07890,247.54,C
L08152,247.54,C
L08278,247.54,C
L08635,247.54,C
L08677,247.54,C
L08696,247.54,C
L09135,247.54,C
L09490,247.54,C
L09675,247.54,C
L01331,247.22,C
L00822,242.91,C
L01060,242.91,C
L01083,242.91,C
L01359,242.91,C
L01712,242.91,C
L01969,242.91,C
L03295,242.91,C
L03488,242.91,C
L03646,242.91,C
L04032,242.91,C
L04140,242.91,C
L04322,242.91,C
L04423,242.91,C
L04793,242.91,C
L04898,242.91,C
L05059,242.91,C
L05163,242.91,C
L05332,242.91,C
L05679,242.91,C
L06488,242.91,C
L06780,242.91,C
L07667,242.91,C
L07720,242.91,C
L07814,242.91,C
L08063,242.91,C
L08261,242.91,C
L08490,242.91,C
L08913,242.91,C
L09033,242.91,C
L09665,242.91,C
L00730,242.27,C
L02708,242.27,C
L04102,242.27,C
L00595,239.09,C
L05107,239.09,C
L05972,239.09,C
L07511,239.09,C
L08215,239.09,C
L08931,239.09,C
L04819,237.67,C
L07661,237.41,C
L01926,236.96,C
L08174,236.96,C
L07741,232.53,C
L01787,232.43,C
L03876,232.43,C
L05596,232.43,C
L07216,232.43,C
L09308,232.43,C
L03020,231.82,D
L05671,231.82,D
L05434,231.63,D
L00311,229.76,D
L00994,229.76,D
L02608,229.76,D
L02683,229.76,D
L02755,229.76,D
L02927,229.76,D
L03697,229.76,D
L05964,229.76,D
L06826,229.76,D
L07810,229.76,D
L08185,229.76,D
L08571,229.76,D
L09022,229.76,D
L09215,229.76,D
L09356,229.76,D
L00015,228.42,D
L00321,228.42,D
L03758,228.42,D
L06152,228.42,D
L06689,228.42,D
L08442,228.42,D
L01032,225.61,D
L01240,225.61,D
L02891,225.61,D
L03036,225.61,D
L03327,225.61,D
L03531,225.61,D
L03921,225.61,D
L04640,225.61,D
L05136,225.61,D
L05950,225.61,D
L06027,225.61,D
L06080,225.61,D
L06578,225.61,D
L06936,225.61,D
L08316,225.61,D
L08502,225.61,D
L08998,225.61,D
L01408,225.09,D
L04271,225.09,D
L04373,225.09,D
L05135,225.09,D
L01120,223.91,D
L01409,223.91,D
L03001,223.91,D
L03801,223.91,D
L04318,223.91,D
L04798,223.91,D
L05250,223.91,D
L05703,223.91,D
L07122,223.91,D
L08816,223.91,D
L00095,221.12,D
L00097,221.12,D
L00222,221.12,D
L00661,221.12,D
L00723,221.12,D
L01030,221.12,D
L01132,221.12,D
L01214,221.12,D
L01317,221.12,D
L01411,221.12,D
L01469,221.12,D
L01919,221.12,D
L02365,221.12,D
L02472,221.12,D
L03188,221.12,D
L04030,221.12,D
L04329,221.12,D
L04535,221.12,D
L04592,221.12,D
L04625,221.12,D
L06043,221.12,D
L06758,221.12,D
L08080,221.12,D
L08749,221.12,D
L09118,221.12,D
L09230,221.12,D
L09500,221.12,D
L09737,221.12,D
L05001,219.18,D
L00221,215.18,D
L07441,215.18,D
L00478,212.46,D
L00539,212.46,D
L01603,212.46,D
L01961,212.46,D
L02015,212.46,D
L02065,212.46,D
L03166,212.46,D
L05688,212.46,D
L05766,212.46,D
L05829,212.46,D
L06183,212.46,D
L06266,212.46,D
L06279,212.46,D
L06782,212.46,D
L07823,212.46,D
L08703,212.46,D
L08870,212.46,D
L09535,212.46,D
L09586,212.46,D
L08843,212.2,D
L01495,210.96,D
L01565,210.96,D
L01872,210.96,D
L02171,210.96,D
L02308,210.96,D
L02615,210.96,D
L02616,210.96,D
L02733,210.96,D
L07030,210.96,D
L07628,210.96,D
L08282,210.96,D
L08524,210.96,D
L09740,210.96,D
L06395,209.38,D
L05626,209.25,D
L00088,208.85,D
L04662,207.39,D
L07580,207.39,D
L08310,207.39,D
L00425,206.59,D
L02059,206.59,D
L05057,206.59,D
L05068,206.59,D
L07837,206.59,D
L08225,206.59,D
L08270,206.59,D
L09285,206.59,D
L01106,206.08,D
L02473,205.52,D
L03039,205.52,D
L03326,205.52,D
L03976,205.52,D
L06204,205.52,D
L07089,205.52,D
L08400,205.52,D
L09577,205.52,D
L08116,205.03,D
L08800,205.03,D
L07492,204.11,D
L01709,199.89,D
L01814,199.89,D
L05798,199.89,D
L05889,199.89,D
L08813,199.89,D
L09123,199.89,D
L00401,197.86,D
L01410,197.86,D
L00183,195.11,D
L00444,195.11,D
L00674,195.11,D
L00700,195.11,D
L01685,195.11,D
L01765,195.11,D
L01827,195.11,D
L01908,195.11,D
L01972,195.11,D
L02209,195.11,D
L02447,195.11,D
L02758,195.11,D
L03286,195.11,D
L03555,195.11,D
L03605,195.11,D
L03710,195.11,D
L03880,195.11,D
L03915,195.11,D
L03996,195.11,D
L04003,195.11,D
L04021,195.11,D
L04382,195.11,D
L04581,195.11,D
L04669,195.11,D
L04909,195.11,D
L04931,195.11,D
L05045,195.11,D
L05113,195.11,D
L05170,195.11,D
L05185,195.11,D
L05477,195.11,D
L05868,195.11,D
L06036,195.11,D
L06085,195.11,D
L06216,195.11,D
L06344,195.11,D
L06345,195.11,D
L06473,195.11,D
L06598,195.11,D
L06755,195.11,D
L06837,195.11,D
L07530,195.11,D
L07714,195.11,D
L07836,195.11,D
L07874,195.11,D
L07927,195.11,D
L07937,195.11,D
L08112,195.11,D
L08167,195.11,D
L08171,195.11,D
L08465,195.11,D
L08577,195.11,D
L08641,195.11,D
L08758,195.11,D
L08792,195.11,D
L09185,195.11,D
L09456,195.11,D
L09493,195.11,D
L09561,195.11,D
L09601,195.11,D
L01726,192.48,D
L03411,192.36,D
L07277,192.36,D
L00075,192.16,D
L01522,192.16,D
L02162,192.16,D
L03719,192.16,D
L04048,192.16,D
L04718,192.16,D
L05277,192.16,D
L06609,192.16,D
L06636,192.16,D
L07129,192.16,D
L07750,192.16,D
L07790,192.16,D
L07971,192.16,D
L08747,192.16,D
L09256,192.16,D
L09568,192.16,D
L00845,190.91,D
L01084,190.91,D
L01147,190.91,D
L01891,190.91,D
L02261,190.91,D
L02378,190.91,D
L03072,190.91,D
L03098,190.91,D
L03248,190.91,D
L03269,190.91,D
L03735,190.91,D
L03792,190.91,D
L03826,190.91,D
L03943,190.91,D
L04067,190.91,D
L04187,190.91,D
L04347,190.91,D
L04466,190.91,D
L04667,190.91,D
L04901,190.91,D
L05066,190.91,D
L05191,190.91,D
L05308,190.91,D
L05358,190.91,D
L05472,190.91,D
L05495,190.91,D
L05860,190.91,D
L06407,190.91,D
L06440,190.91,D
L06490,190.91,D
L06712,190.91,D
L07098,190.91,D
L07234,190.91,D
L07291,190.91,D
L07659,190.91,D
L07867,190.91,D
L07922,190.91,D
L08205,190.91,D
L08606,190.91,D
L08719,190.91,D
L08731,190.91,D
L08733,190.91,D
L09066,190.91,D
L09267,190.91,D
L09616,190.91,D
L09627,190.91,D
L09718,190.91,D
L05729,190.3,D
L00187,189.05,D
L00412,189.05,D
L00580,189.05,D
L00732,189.05,D
L01241,189.05,D
L01274,189.05,D
L01463,189.05,D
L02186,189.05,D
L02219,189.05,D
L02275,189.05,D
L02349,189.05,D
L02461,189.05,D
L02667,189.05,D
L02713,189.05,D
L02742,189.05,D
L03199,189.05,D
L03209,189.05,D
L04087,189.05,D
L04326,189.05,D
L04349,189.05,D
L04751,189.05,D
L04957,189.05,D
L04999,189.05,D
L05286,189.05,D
L05553,189.05,D
L05557,189.05,D
L05620,189.05,D
L06257,189.05,D
L06919,189.05,D
L07144,189.05,D
L07450,189.05,D
L07829,189.05,D
L08649,189.05,D
L08660,189.05,D
L08821,189.05,D
L08872,189.05,D
L09376,189.05,D
L09444,189.05,D
L09464,189.05,D
L09537,189.05,D
L00782,188.0,D
L01247,188.0,D
L02665,188.0,D
L02952,188.0,D
L08622,188.0,D
L09144,188.0,D
L09388,188.0,D
L09706,188.0,D
L00180,187.81,D
L00290,187.81,D
L00540,187.81,D
L01058,187.81,D
L01377,187.81,D
L01982,187.81,D
L01984,187.81,D
L02141,187.81,D
L02208,187.81,D
L02870,187.81,D
L03788,187.81,D
L03877,187.81,D
L03939,187.81,D
L04680,187.81,D
L05142,187.81,D
L05499,187.81,D
L05539,187.81,D
L05587,187.81,D
L06291,187.81,D
L06462,187.81,D
L06544,187.81,D
L06821,187.81,D
L06840,187.81,D
L06853,187.81,D
L06961,187.81,D
L06971,187.81,D
L07018,187.81,D
L07081,187.81,D
L07167,187.81,D
L07540,187.81,D
L07655,187.81,D
L07760,187.81,D
L08326,187.81,D
L08360,187.81,D
L08459,187.81,D
L08634,187.81,D
L08742,187.81,D
L08754,187.81,D
L09240,187.81,D
L09681,187.81,D
L09712,187.81,D
L09729,187.81,D
L00452,186.86,D
L00807,186.86,D
L01033,186.86,D
L01401,186.86,D
L02114,186.86,D
L04130,186.86,D
L04283,186.86,D
L04351,186.86,D
L05317,186.86,D
L05333,186.86,D
L07009,186.86,D
L07023,186.86,D
L07298,186.86,D
L07595,186.86,D
L07876,186.86,D
L08159,186.86,D
L09233,186.86,D
L00280,186.38,D
L01097,186.38,D
L02460,186.38,D
L02562,186.38,D
L03413,186.38,D
L06120,186.38,D
L06750,186.38,D
L07389,186.38,D
L07728,186.38,D
L08627,186.38,D
L08881,186.38,D
L09506,186.38,D
L09576,186.38,D
L00819,184.75,D
L00078,184.49,D
L00359,184.49,D
L00729,184.49,D
L01000,184.49,D
L01213,184.49,D
L02401,184.49,D
L02745,184.49,D
L02839,184.49,D
L02842,184.49,D
L03143,184.49,D
L03454,184.49,D
L03539,184.49,D
L03671,184.49,D
L03769,184.49,D
L03774,184.49,D
L03983,184.49,D
L04231,184.49,D
L05005,184.49,D
L05436,184.49,D
L05813,184.49,D
L05956,184.49,D
L06100,184.49,D
L07248,184.49,D
L07380,184.49,D
L07470,184.49,D
L07981,184.49,D
L08224,184.49,D
L08376,184.49,D
L08410,184.49,D
L08516,184.49,D
L08563,184.49,D
L08590,184.49,D
L08626,184.49,D
L08699,184.49,D
L08902,184.49,D
L08991,184.49,D
L09131,184.49,D
L09154,184.49,D
L09271,184.49,D
L02393,184.02,D
L02474,184.02,D
L02549,184.02,D
L04918,184.02,D
L05291,184.02,D
L05335,184.02,D
L05457,184.02,D
L05911,184.02,D
L06614,184.02,D
L07043,184.02,D
L07802,184.02,D
L08317,184.02,D
L08667,184.02,D
L08917,184.02,D
L09570,184.02,D
L01361,183.82,D
L00434,183.7,D
L00689,183.7,D
L01459,183.7,D
L01875,183.7,D
L02258,183.7,D
L02602,183.7,D
L02674,183.7,D
L02766,183.7,D
L02944,183.7,D
L03172,183.7,D
L03657,183.7,D
L03894,183.7,D
L04160,183.7,D
L04544,183.7,D
L04724,183.7,D
L05216,183.7,D
L05634,183.7,D
L07615,183.7,D
L07742,183.7,D
L08014,183.7,D
L08245,183.7,D
L08250,183.7,D
L08265,183.7,D
L09284,183.7,D
L00043,182.75,D
L01960,182.75,D
L02091,182.75,D
L03394,182.75,D
L04251,182.75,D
L05874,182.75,D
L06428,182.75,D
L07297,182.75,D
L08192,182.75,D
L08518,182.75,D
L08845,182.75,D
L09000,182.75,D
L00415,182.28,D
L00643,182.28,D
L03494,182.28,D
L04750,182.28,D
L04805,182.28,D
L04920,182.28,D
L07209,182.28,D
L08150,182.28,D
L09323,182.28,D
L00876,181.18,D
L00660,180.41,D
L00687,180.41,D
L01291,180.41,D
L01528,180.41,D
L01620,180.41,D
L01634,180.41,D
L02722,180.41,D
L02843,180.41,D
L02975,180.41,D
L03545,180.41,D
L03785,180.41,D
L04307,180.41,D
L04371,180.41,D
L05031,180.41,D
L05055,180.41,D
L05985,180.41,D
L06040,180.41,D
L06575,180.41,D
L06576,180.41,D
L06586,180.41,D
L08229,180.41,D
L08803,180.41,D
L02354,180.28,D
L05537,180.28,D
L08293,180.28,D
L09438,180.28,D
L00939,177.0,D
L05426,177.0,D
L06176,177.0,D
L09324,177.0,D
L09475,177.0,D
L04264,176.26,D
L05486,172.93,D
L07288,172.93,D
L00756,172.57,D
L02267,172.57,D
L02213,171.24,D
L02724,171.24,D
L02939,171.24,D
L00123,170.62,D
L00149,170.62,D
L00481,170.62,D
L00560,170.62,D
L00656,170.62,D
L01025,170.62,D
L01287,170.62,D
L01327,170.62,D
L01432,170.62,D
L01516,170.62,D
L01641,170.62,D
L02133,170.62,D
L02152,170.62,D
L02416,170.62,D
L02584,170.62,D
L02710,170.62,D
L02776,170.62,D
L02806,170.62,D
L03002,170.62,D
L03187,170.62,D
L04484,170.62,D
L04574,170.62,D
L04687,170.62,D
L04690,170.62,D
L04759,170.62,D
L05013,170.62,D
L05166,170.62,D
L05213,170.62,D
L05315,170.62,D
L05907,170.62,D
L06134,170.62,D
L06333,170.62,D
L06524,170.62,D
L06709,170.62,D
L06977,170.62,D
L07039,170.62,D
L07183,170.62,D
L07213,170.62,D
L07307,170.62,D
L07427,170.62,D
L08048,170.62,D
L08381,170.62,D
L08485,170.62,D
L08710,170.62,D
L08744,170.62,D
L09081,170.62,D
L09316,170.62,D
L00138,169.04,D
L00155,169.04,D
L00186,169.04,D
L00218,169.04,D
L00251,169.04,D
L00438,169.04,D
L00479,169.04,D
L00490,169.04,D
L00564,169.04,D
L00662,169.04,D
L00844,169.04,D
L01077,169.04,D
L01301,169.04,D
L01591,169.04,D
L01694,169.04,D
L01767,169.04,D
L01770,169.04,D
L01782,169.04,D
L02136,169.04,D
L02383,169.04,D
L02536,169.04,D
L02648,169.04,D
L02677,169.04,D
L02785,169.04,D
L02863,169.04,D
L02897,169.04,D
L03037,169.04,D
L03224,169.04,D
L03627,169.04,D
L03676,169.04,D
L03890,169.04,D
L04215,169.04,D
L04301,169.04,D
L04485,169.04,D
L04524,169.04,D
L04683,169.04,D
L04691,169.04,D
L04913,169.04,D
L04964,169.04,D
L05080,169.04,D
L05204,169.04,D
L05267,169.04,D
L05721,169.04,D
L05802,169.04,D
L05962,169.04,D
L05976,169.04,D
L06115,169.04,D
L06341,169.04,D
L06525,169.04,D
L06547,169.04,D
L06804,169.04,D
L07141,169.04,D
L07438,169.04,D
L07568,169.04,D
L07774,169.04,D
L08140,169.04,D
L08153,169.04,D
L08213,169.04,D
L08228,169.04,D
L08318,169.04,D
L08382,169.04,D
L08545,169.04,D
L08548,169.04,D
L08805,169.04,D
L09068,169.04,D
L09095,169.04,D
L09439,169.04,D
L09447,169.04,D
L09596,169.04,D
L09612,169.04,D
L03988,168.9,D
L05395,168.9,D
L06531,168.9,D
L00243,165.17,D
L00355,165.17,D
L00529,165.17,D
L00585,165.17,D
L00641,165.17,D
L00821,165.17,D
L00995,165.17,D
L01138,165.17,D
L01804,165.17,D
L01971,165.17,D
L02144,165.17,D
L02172,165.17,D
L02737,165.17,D
L02810,165.17,D
L02989,165.17,D
L03065,165.17,D
L03335,165.17,D
L03408,165.17,D
L03518,165.17,D
L03588,165.17,D
L03839,165.17,D
L03842,165.17,D
L03925,165.17,D
L04205,165.17,D
L04216,165.17,D
L04273,165.17,D
L04684,165.17,D
L04712,165.17,D
L05077,165.17,D
L05268,165.17,D
L05331,165.17,D
L05936,165.17,D
L06081,165.17,D
L06109,165.17,D
L06454,165.17,D
L06483,165.17,D
L06902,165.17,D
L06908,165.17,D
L07100,165.17,D
L07243,165.17,D
L07290,165.17,D
L07386,165.17,D
L07550,165.17,D
L07654,165.17,D
L08364,165.17,D
L08480,165.17,D
L09380,165.17,D
L09416,165.17,D
L09574,165.17,D
L09731,165.17,D
L00091,165.15,D
L00206,165.15,D
L00316,165.15,D
L00634,165.15,D
L01229,165.15,D
L01686,165.15,D
L01746,165.15,D
L02961,165.15,D
L02962,165.15,D
L03099,165.15,D
L03232,165.15,D
L03241,165.15,D
L03310,165.15,D
L03672,165.15,D
L03702,165.15,D
L03954,165.15,D
L04132,165.15,D
L04391,165.15,D
L04473,165.15,D
L04495,165.15,D
L04538,165.15,D
L04589,165.15,D
L05064,165.15,D
L05199,165.15,D
L05352,165.15,D
L05427,165.15,D
L05518,165.15,D
L05605,165.15,D
L05698,165.15,D
L06042,165.15,D
L06235,165.15,D
L06621,165.15,D
L06663,165.15,D
L06721,165.15,D
L06996,165.15,D
L07109,165.15,D
L07835,165.15,D
L07947,165.15,D
L08122,165.15,D
L08975,165.15,D
L09365,165.15,D
L02017,164.97,D
L02041,164.97,D
L02292,164.97,D
L04522,164.97,D
L07347,164.97,D
L09189,164.97,D
L04071,160.49,D
L08999,160.49,D
L09587,160.49,D
L00170,158.0,D
L03007,158.0,D
L05760,158.0,D
L00268,155.95,D
L00387,155.95,D
L00417,155.95,D
L00464,155.95,D
L00497,155.95,D
L00548,155.95,D
L00639,155.95,D
L00672,155.95,D
L00735,155.95,D
L01026,155.95,D
L01256,155.95,D
L01370,155.95,D
L01567,155.95,D
L01572,155.95,D
L01708,155.95,D
L01847,155.95,D
L02052,155.95,D
L02216,155.95,D
L02285,155.95,D
L02502,155.95,D
L02518,155.95,D
L02830,155.95,D
L02947,155.95,D
L02953,155.95,D
L03066,155.95,D
L03101,155.95,D
L03221,155.95,D
L03359,155.95,D
L03696,155.95,D
L03809,155.95,D
L03946,155.95,D
L03978,155.95,D
L04129,155.95,D
L04379,155.95,D
L04616,155.95,D
L04638,155.95,D
L04651,155.95,D
L04741,155.95,D
L04804,155.95,D
L05225,155.95,D
L05347,155.95,D
L05382,155.95,D
L05781,155.95,D
L05808,155.95,D
L05840,155.95,D
L06017,155.95,D
L06426,155.95,D
L06626,155.95,D
L07456,155.95,D
L07548,155.95,D
L07579,155.95,D
L07587,155.95,D
L07660,155.95,D
L08350,155.95,D
L08370,155.95,D
L08417,155.95,D
L08529,155.95,D
L08817,155.95,D
L09007,155.95,D
L09409,155.95,D
L09482,155.95,D
L09558,155.95,D
L09581,155.95,D
L07575,155.25,D
L06122,154.87,D
L09204,154.87,D
L00546,153.52,D
L04177,153.52,D
L08957,153.52,D
L01121,152.32,D
L01817,152.32,D
L03492,152.32,D
L08263,152.32,D
L00051,152.27,D
L00486,152.27,D
L00795,152.27,D
L01238,152.27,D
L01545,152.27,D
L01887,152.27,D
L01937,152.27,D
L02026,152.27,D
L02369,152.27,D
L02466,152.27,D
L02547,152.27,D
L02735,152.27,D
L03463,152.27,D
L04620,152.27,D
L05081,152.27,D
L05210,152.27,D
L05451,152.27,D
L05619,152.27,D
L05947,152.27,D
L06273,152.27,D
L06486,152.27,D
L06513,152.27,D
L06692,152.27,D
L07487,152.27,D
L07537,152.27,D
L07758,152.27,D
L08169,152.27,D
L08460,152.27,D
L09124,152.27,D
L09474,152.27,D
L09585,152.27,D
L01225,151.92,D
L06711,151.92,D
L00841,149.88,D
L02403,149.88,D
L02763,149.88,D
L05312,149.88,D
L06206,149.88,D
L06306,149.88,D
L07207,149.88,D
L09105,149.88,D
L06553,149.13,D
L00632,148.7,D
L01383,148.7,D
L02818,148.7,D
L02958,148.7,D
L06024,148.7,D
L06603,148.7,D
L07188,148.7,D
L03967,148.6,D
L07504,148.6,D
L02871,146.05,D
L05078,146.05,D
L02454,143.56,D
L09538,143.56,D
L00925,143.0,D
L03215,143.0,D
L04280,143.0,D
L05736,143.0,D
L06815,143.0,D
L04481,142.91,D
L02826,141.4,D
L00246,139.53,D
L00376,139.53,D
L01747,139.53,D
L02503,139.53,D
L02543,139.53,D
L01303,137.8,D
L05896,137.8,D
L06127,137.8,D
L07076,137.8,D
L08640,137.8,D
L03291,136.81,D
L03374,136.81,D
L04028,135.63,D
L03031,135.35,D
L02000,132.42,D
L04006,132.42,D
L06459,132.42,D
L05649,132.28,D
L06914,132.28,D
L07841,132.28,D
L07919,132.28,D
L09182,132.28,D
L07869,132.12,D
L09223,131.72,D
L07503,131.37,D
L03761,129.98,D
L09151,129.98,D
L00011,129.63,D
L00044,129.63,D
L00048,129.63,D
L00108,129.63,D
L00115,129.63,D
L00256,129.63,D
L00428,129.63,D
L00494,129.63,D
L00506,129.63,D
L00511,129.63,D
L00524,129.63,D
L00526,129.63,D
L00691,129.63,D
L00789,129.63,D
L00929,129.63,D
L00958,129.63,D
L01202,129.63,D
L01277,129.63,D
L01357,129.63,D
L01557,129.63,D
L01622,129.63,D
L01691,129.63,D
L01759,129.63,D
L01794,129.63,D
L01808,129.63,D
L01831,129.63,D
L01985,129.63,D
L01987,129.63,D
L02328,129.63,D
L02395,129.63,D
L02415,129.63,D
L02555,129.63,D
L02640,129.63,D
L03082,129.63,D
L03116,129.63,D
L03167,129.63,D
L03190,129.63,D
L03300,129.63,D
L03339,129.63,D
L03554,129.63,D
L03602,129.63,D
L04148,129.63,D
L04166,129.63,D
L04183,129.63,D
L04199,129.63,D
L04245,129.63,D
L04358,129.63,D
L04432,129.63,D
L04608,129.63,D
L04633,129.63,D
L04891,129.63,D
L04938,129.63,D
L04963,129.63,D
L04971,129.63,D
L05149,129.63,D
L05241,129.63,D
L05252,129.63,D
L05369,129.63,D
L05415,129.63,D
L05478,129.63,D
L05497,129.63,D
L05628,129.63,D
L05691,129.63,D
L05718,129.63,D
L05824,129.63,D
L05895,129.63,D
L05953,129.63,D
L06048,129.63,D
L06214,129.63,D
L06318,129.63,D
L06343,129.63,D
L06466,129.63,D
L06519,129.63,D
L06749,129.63,D
L06783,129.63,D
L06958,129.63,D
L07107,129.63,D
L07156,129.63,D
L07220,129.63,D
L07260,129.63,D
L07317,129.63,D
L07367,129.63,D
L07432,129.63,D
L07437,129.63,D
L07481,129.63,D
L07551,129.63,D
L07646,129.63,D
L07656,129.63,D
L07696,129.63,D
L07768,129.63,D
L07795,129.63,D
L07896,129.63,D
L08084,129.63,D
L08121,129.63,D
L08355,129.63,D
L08450,129.63,D
L08457,129.63,D
L08560,129.63,D
L08683,129.63,D
L08753,129.63,D
L08809,129.63,D
L08915,129.63,D
L08950,129.63,D
L09047,129.63,D
L09083,129.63,D
L09164,129.63,D
L09274,129.63,D
L09275,129.63,D
L09349,129.63,D
L09555,129.63,D
L09600,129.63,D
L09759,129.63,D
L01205,129.29,D
L01571,129.29,D
L01835,129.29,D
L07472,129.13,D
L06166,124.71,D
L00774,124.49,D
L01869,124.49,D
L01990,124.49,D
L02085,124.49,D
L02183,124.49,D
L02248,124.49,D
L02619,124.49,D
L02991,124.49,D
L03385,124.49,D
L03745,124.49,D
L04002,124.49,D
L04079,124.49,D
L04425,124.49,D
L05050,124.49,D
L05462,124.49,D
L05786,124.49,D
L06094,124.49,D
L06848,124.49,D
L07222,124.49,D
L07348,124.49,D
L07916,124.49,D
L08095,124.49,D
L08117,124.49,D
L08468,124.49,D
L09341,124.49,D
L00083,123.51,D
L02343,123.51,D
L05144,123.51,D
L05325,123.51,D
L05755,123.51,D
L07455,123.51,D
L07918,123.51,D
L08309,123.51,D
L09357,123.51,D
L00144,121.57,D
L01730,121.57,D
L03373,121.57,D
L03724,121.57,D
L08777,121.57,D
L09467,121.57,D
L03455,118.8,D
L04412,118.8,D
L05932,118.8,D
L07121,118.8,D
L00654,118.67,D
L02055,118.67,D
L04179,118.67,D
L04591,118.67,D
L04695,118.67,D
L05179,118.67,D
L05339,118.67,D
L05377,118.67,D
L05483,118.67,D
L06099,118.67,D
L07193,118.67,D
L08006,118.67,D
L03047,115.1,D
L00414,113.97,D
L00558,113.97,D
L02086,113.97,D
L02125,113.97,D
L02525,113.97,D
L02816,113.97,D
L03730,113.97,D
L04621,113.97,D
L05757,113.97,D
L07253,113.97,D
L08859,113.97,D
L00114,113.54,D
L00370,113.54,D
L01863,113.54,D
L02396,113.54,D
L02912,113.54,D
L04029,113.54,D
L04407,113.54,D
L04623,113.54,D
L04843,113.54,D
L04857,113.54,D
L06277,113.54,D
L07633,113.54,D
L07645,113.54,D
L08186,113.54,D
L08251,113.54,D
L08499,113.54,D
L08579,113.54,D
L09187,113.54,D
L09443,113.54,D
L09455,113.54,D
L09487,113.54,D
L00260,112.44,D
L00283,112.44,D
L00472,112.44,D
L01042,112.44,D
L02150,112.44,D
L03270,112.44,D
L03634,112.44,D
L04818,112.44,D
L06360,112.44,D
L06377,112.44,D
L06406,112.44,D
L06697,112.44,D
L06813,112.44,D
L06851,112.44,D
L07830,112.44,D
L07887,112.44,D
L07933,112.44,D
L08299,112.44,D
L08688,112.44,D
L08752,112.44,D
L09603,112.44,D
L09667,112.44,D
L01780,109.15,D
L03149,109.15,D
L07917,106.48,D
L00191,104.51,D
L00745,104.51,D
L01051,104.51,D
L01293,104.51,D
L01391,104.51,D
L01628,104.51,D
L01649,104.51,D
L01676,104.51,D
L01680,104.51,D
L02972,104.51,D
L03005,104.51,D
L05156,104.51,D
L05503,104.51,D
L06549,104.51,D
L06585,104.51,D
L06599,104.51,D
L07756,104.51,D
L07868,104.51,D
L07914,104.51,D
L07930,104.51,D
L08728,104.51,D
L09244,104.51,D
L09269,104.51,D
L09422,104.51,D
L09428,104.51,D
L04285,103.66,D
L09041,103.66,D
L04723,102.76,D
L00968,100.88,D
L01798,100.88,D
L03695,100.88,D
L05571,100.88,D
L05982,100.88,D
L06052,100.88,D
L08165,100.88,D
L09508,100.88,D
L05432,99.85,D
L08989,99.85,D
L03713,99.79,D
L03223,96.2,D
L06138,96.2,D
L00041,96.04,D
L00131,96.04,D
L00157,96.04,D
L00195,96.04,D
L00384,96.04,D
L00432,96.04,D
L00711,96.04,D
L00765,96.04,D
L00907,96.04,D
L00970,96.04,D
L00980,96.04,D
L00983,96.04,D
L01384,96.04,D
L01452,96.04,D
L01486,96.04,D
L01777,96.04,D
L01850,96.04,D
L01995,96.04,D
L02028,96.04,D
L02119,96.04,D
L02124,96.04,D
L02499,96.04,D
L02614,96.04,D
L02739,96.04,D
L02894,96.04,D
L03158,96.04,D
L03244,96.04,D
L03345,96.04,D
L03552,96.04,D
L03701,96.04,D
L03734,96.04,D
L03786,96.04,D
L03930,96.04,D
L04282,96.04,D
L04331,96.04,D
L04494,96.04,D
L04602,96.04,D
L04756,96.04,D
L04772,96.04,D
L04845,96.04,D
L05007,96.04,D
L05069,96.04,D
L05076,96.04,D
L05109,96.04,D
L05517,96.04,D
L05652,96.04,D
L05916,96.04,D
L05987,96.04,D
L06359,96.04,D
L06538,96.04,D
L06650,96.04,D
L06688,96.04,D
L06775,96.04,D
L06779,96.04,D
L06786,96.04,D
L06891,96.04,D
L06903,96.04,D
L07237,96.04,D
L07484,96.04,D
L07680,96.04,D
L07850,96.04,D
L07974,96.04,D
L08137,96.04,D
L08248,96.04,D
L08266,96.04,D
L08315,96.04,D
L08808,96.04,D
L08988,96.04,D
L09231,96.04,D
L09398,96.04,D
L09452,96.04,D
L09499,96.04,D
L09605,96.04,D
L09615,96.04,D
L09666,96.04,D
L00018,94.48,D
L00076,94.48,D
L00333,94.48,D
L00920,94.48,D
L02638,94.48,D
L03425,94.48,D
L03562,94.48,D
L04370,94.48,D
L04438,94.48,D
L05346,94.48,D
L05778,94.48,D
L05873,94.48,D
L05966,94.48,D
L06237,94.48,D
L06240,94.48,D
L06534,94.48,D
L07070,94.48,D
L07707,94.48,D
L09205,94.48,D
L00230,93.84,D
L03357,93.84,D
L00233,92.18,D
L00238,92.18,D
L00505,92.18,D
L00509,92.18,D
L00614,92.18,D
L00670,92.18,D
L00751,92.18,D
L00809,92.18,D
L01098,92.18,D
L01271,92.18,D
L01608,92.18,D
L01769,92.18,D
L01783,92.18,D
L01968,92.18,D
L02019,92.18,D
L02132,92.18,D
L02412,92.18,D
L02626,92.18,D
L02729,92.18,D
L03240,92.18,D
L03252,92.18,D
L03318,92.18,D
L03473,92.18,D
L03677,92.18,D
L03772,92.18,D
L03990,92.18,D
L04296,92.18,D
L04304,92.18,D
L04368,92.18,D
L04573,92.18,D
L04583,92.18,D
L04811,92.18,D
L04905,92.18,D
L05269,92.18,D
L05366,92.18,D
L05547,92.18,D
L05656,92.18,D
L05745,92.18,D
L05841,92.18,D
L05879,92.18,D
L06198,92.18,D
L06695,92.18,D
L06788,92.18,D
L06809,92.18,D
L06893,92.18,D
L07419,92.18,D
L07803,92.18,D
L07809,92.18,D
L07894,92.18,D
L07903,92.18,D
L07935,92.18,D
L08045,92.18,D
L08202,92.18,D
L08264,92.18,D
L08656,92.18,D
L08734,92.18,D
L08741,92.18,D
L08946,92.18,D
L09115,92.18,D
L09224,92.18,D
L09260,92.18,D
L09448,92.18,D
L09650,92.18,D
L09701,92.18,D
L09750,92.18,D
L00079,91.68,D
L01219,91.68,D
L01414,91.68,D
L01415,91.68,D
L02075,91.68,D
L03147,91.68,D
L03565,91.68,D
L05901,91.68,D
L06143,91.68,D
L06430,91.68,D
L06493,91.68,D
L06622,91.68,D
L07093,91.68,D
L00701,91.42,D
L00913,91.42,D
L03126,91.42,D
L03628,91.42,D
L04414,91.42,D
L04531,91.42,D
L04991,91.42,D
L05051,91.42,D
L05153,91.42,D
L05501,91.42,D
L05971,91.42,D
L06087,91.42,D
L06342,91.42,D
L09085,91.42,D
L00035,90.43,D
L00087,90.43,D
L00103,90.43,D
L00169,90.43,D
L00174,90.43,D
L00462,90.43,D
L00512,90.43,D
L01149,90.43,D
L01156,90.43,D
L01784,90.43,D
L01993,90.43,D
L02123,90.43,D
L02837,90.43,D
L02899,90.43,D
L03111,90.43,D
L03383,90.43,D
L03613,90.43,D
L04290,90.43,D
L04317,90.43,D
L04506,90.43,D
L04549,90.43,D
L04725,90.43,D
L05128,90.43,D
L05140,90.43,D
L05372,90.43,D
L06187,90.43,D
L06233,90.43,D
L06317,90.43,D
L06508,90.43,D
L06635,90.43,D
L06734,90.43,D
L06867,90.43,D
L07079,90.43,D
L07350,90.43,D
L07872,90.43,D
L08037,90.43,D
L08134,90.43,D
L08267,90.43,D
L08794,90.43,D
L08825,90.43,D
L08831,90.43,D
L08837,90.43,D
L09403,90.43,D
L09429,90.43,D
L09610,90.43,D
L07692,89.88,D
L02053,88.8,D
L04733,88.22,D
L06303,88.22,D
L06507,88.22,D
L08780,88.22,D
L01166,85.55,D
L09492,84.95,D
L02128,84.18,D
L06827,83.78,D
L07351,83.78,D
L05598,83.49,D
L00032,82.34,D
L00053,82.34,D
L00125,82.34,D
L00175,82.34,D
L00225,82.34,D
L00232,82.34,D
L00303,82.34,D
L00442,82.34,D
L00521,82.34,D
L00683,82.34,D
L00734,82.34,D
L00744,82.34,D
L00763,82.34,D
L00872,82.34,D
L01014,82.34,D
L01036,82.34,D
L01101,82.34,D
L01174,82.34,D
L01178,82.34,D
L01273,82.34,D
L01338,82.34,D
L01397,82.34,D
L01637,82.34,D
L01785,82.34,D
L01858,82.34,D
L01889,82.34,D
L01938,82.34,D
L01974,82.34,D
L02009,82.34,D
L02154,82.34,D
L02579,82.34,D
L02727,82.34,D
L02730,82.34,D
L02800,82.34,D
L02977,82.34,D
L03114,82.34,D
L03115,82.34,D
L03180,82.34,D
L03230,82.34,D
L03466,82.34,D
L03570,82.34,D
L03597,82.34,D
L03608,82.34,D
L03626,82.34,D
L03653,82.34,D
L03720,82.34,D
L03844,82.34,D
L03864,82.34,D
L03888,82.34,D
L03937,82.34,D
L04126,82.34,D
L04141,82.34,D
L04257,82.34,D
L04294,82.34,D
L04357,82.34,D
L04413,82.34,D
L04488,82.34,D
L04714,82.34,D
L04766,82.34,D
L04786,82.34,D
L04884,82.34,D
L04890,82.34,D
L04947,82.34,D
L04977,82.34,D
L05167,82.34,D
L05182,82.34,D
L05371,82.34,D
L05531,82.34,D
L05804,82.34,D
L05827,82.34,D
L05897,82.34,D
L05940,82.34,D
L05998,82.34,D
L06011,82.34,D
L06013,82.34,D
L06055,82.34,D
L06202,82.34,D
L06244,82.34,D
L06338,82.34,D
L06386,82.34,D
L06605,82.34,D
L06618,82.34,D
L06658,82.34,D
L06681,82.34,D
L06718,82.34,D
L06807,82.34,D
L06823,82.34,D
L06874,82.34,D
L07189,82.34,D
L07251,82.34,D
L07324,82.34,D
L07365,82.34,D
L07569,82.34,D
L07641,82.34,D
L07749,82.34,D
L07817,82.34,D
L07940,82.34,D
L07990,82.34,D
L08130,82.34,D
L08377,82.34,D
L08398,82.34,D
L08407,82.34,D
L08431,82.34,D
L08455,82.34,D
L08510,82.34,D
L08554,82.34,D
L08625,82.34,D
L08671,82.34,D
L08727,82.34,D
L08912,82.34,D
L09001,82.34,D
L09235,82.34,D
L09239,82.34,D
L09299,82.34,D
L09404,82.34,D
L09507,82.34,D
L09594,82.34,D
L09634,82.34,D
L09694,82.34,D
L09703,82.34,D
L00094,78.48,D
L03125,78.48,D
L08898,78.48,D
L09711,78.48,D
L03262,76.63,D
L04578,76.63,D
L04585,76.63,D
L05875,76.63,D
L00054,75.57,D
L00063,75.57,D
L00102,75.57,D
L00207,75.57,D
L00696,75.57,D
L00825,75.57,D
L00916,75.57,D
L01071,75.57,D
L01133,75.57,D
L01228,75.57,D
L01406,75.57,D
L01492,75.57,D
L01533,75.57,D
L01707,75.57,D
L01716,75.57,D
L01999,75.57,D
L02108,75.57,D
L02210,75.57,D
L02417,75.57,D
L02423,75.57,D
L02749,75.57,D
L02879,75.57,D
L02892,75.57,D
L03438,75.57,D
L03487,75.57,D
L03615,75.57,D
L03622,75.57,D
L03706,75.57,D
L03836,75.57,D
L04056,75.57,D
L04113,75.57,D
L04200,75.57,D
L04220,75.57,D
L04300,75.57,D
L04325,75.57,D
L04656,75.57,D
L04976,75.57,D
L05342,75.57,D
L05435,75.57,D
L05670,75.57,D
L05818,75.57,D
L05826,75.57,D
L06029,75.57,D
L06093,75.57,D
L06223,75.57,D
L06353,75.57,D
L06376,75.57,D
L06437,75.57,D
L06574,75.57,D
L06729,75.57,D
L06731,75.57,D
L07000,75.57,D
L07135,75.57,D
L07217,75.57,D
L07232,75.57,D
L07302,75.57,D
L07453,75.57,D
L07619,75.57,D
L07686,75.57,D
L07772,75.57,D
L07828,75.57,D
L07939,75.57,D
L08030,75.57,D
L08083,75.57,D
L08302,75.57,D
L08305,75.57,D
L08553,75.57,D
L08886,75.57,D
L08941,75.57,D
L08948,75.57,D
L09280,75.57,D
L09306,75.57,D
L09704,75.57,D
L01537,74.32,D
L03169,74.32,D
L03400,74.32,D
L03777,74.32,D
L06654,74.32,D
L01646,73.71,D
L02229,73.71,D
L05098,73.71,D
L05154,73.71,D
L05821,73.71,D
L06784,73.71,D
L06972,73.71,D
L07962,73.71,D
L08701,73.71,D
L09337,72.48,D
L05409,71.29,D
L08866,71.29,D
L00793,70.08,D
L07182,69.91,D
L00543,68.94,D
L00891,68.94,D
L01309,68.94,D
L01354,68.94,D
L02629,68.94,D
L03094,68.94,D
L03728,68.94,D
L04540,68.94,D
L04930,68.94,D
L05772,68.94,D
L08861,68.94,D
L09197,68.94,D
L03452,68.82,D
L08156,68.82,D
L08271,65.62,D
L01242,63.58,D
L02095,58.8,D
L02813,58.8,D
L03309,58.8,D
L04558,58.8,D
L06708,58.8,D
L08750,58.8,D
L06373,58.28,D
L08109,54.63,D
L00850,53.86,D
L01803,53.86,D
L02062,53.86,D
L02105,53.86,D
L03011,53.86,D
L03306,53.86,D
L04459,53.86,D
L05092,53.86,D
L05563,53.86,D
L05983,53.86,D
L08664,53.86,D
L09425,53.86,D
L06489,52.96,D
L09542,45.17,D
L01007,41.35,D
